-4.04, 4.43, 4.61, 0.95, 0.14, 0.24, 0.33, -0.05, 0.02, 10.69, 7.75, -0.79, 0.96, -0.09, -0.23, 0.51, -0.26, 0.12, -0.52, -0.80, 4.06, 0.23, 0.62, 0.81, -0.10, 0.58, -0.11, 3.28, 4.51, 5.61, 0.96, -0.04, -0.28, 0.08, 0.12, 0.01, -8.48, 8.31, 1.18, 0.77, 0.31, 0.74, 0.49, -0.05, 0.37, -1.02, -4.93, -3.42, 0.96, -0.26, -0.27, 0.11, 0.39, 0.10
-7.48, 1.79, -0.12, 0.06, -0.66, 1.28, 0.23, 0.29, 0.07, 8.34, 7.43, -7.55, -0.23, -0.45, 0.83, 0.42, 0.10, 0.12, 0.48, 3.51, -1.04, -0.99, 0.04, 0.19, -0.21, 0.67, 0.04, 2.09, 1.56, -2.53, 0.06, -0.43, 0.95, -0.04, 0.51, 0.01, -6.71, 7.01, -3.22, 0.24, -0.52, 1.28, 0.45, 0.30, 0.48, -2.30, -0.02, -4.90, 0.39, 0.01, 0.87, 0.06, 0.36, -0.02
-5.76, 3.35, -1.69, 0.10, -0.66, 1.28, 0.23, 0.29, 0.07, 9.24, 7.01, -7.72, -0.20, -0.47, 0.84, 0.41, 0.10, 0.12, 0.40, 4.30, -0.13, -1.02, 0.02, 0.23, -0.21, 0.67, 0.04, 1.73, 3.19, -1.07, 0.11, -0.45, 0.96, -0.04, 0.52, 0.01, -5.73, 7.93, -0.59, 0.27, -0.52, 1.30, 0.45, 0.30, 0.48, -1.32, 1.76, -4.20, 0.39, 0.02, 0.86, 0.06, 0.36, -0.03
-7.10, 4.06, 2.59, 0.12, -0.67, 1.30, 0.22, 0.30, 0.07, 6.07, 7.64, -3.81, -0.19, -0.47, 0.86, 0.41, 0.10, 0.12, -4.64, 7.62, -3.14, -0.99, 0.04, 0.22, -0.21, 0.67, 0.04, 0.80, 4.00, 3.13, 0.12, -0.43, 0.94, -0.04, 0.51, 0.00, -5.65, 5.53, 3.78, 0.26, -0.51, 1.30, 0.45, 0.30, 0.48, -0.11, 4.07, 0.57, 0.42, 0.03, 0.85, 0.06, 0.37, -0.04
-6.78, -0.70, 4.50, 0.11, -0.65, 1.30, 0.22, 0.30, 0.08, 6.06, 3.45, -2.35, -0.18, -0.42, 0.82, 0.42, 0.10, 0.13, -6.30, 3.03, -1.91, -0.95, 0.05, 0.20, -0.21, 0.67, 0.04, 1.26, -2.71, 3.18, 0.10, -0.40, 0.92, -0.04, 0.51, 0.01, -5.29, 0.58, 2.55, 0.24, -0.49, 1.28, 0.45, 0.31, 0.47, -1.74, -1.24, 2.94, 0.40, 0.03, 0.84, 0.06, 0.37, -0.04
-5.76, -4.85, 1.69, 0.08, -0.62, 1.26, 0.22, 0.29, 0.08, 7.42, 0.25, -3.15, -0.20, -0.42, 0.82, 0.41, 0.10, 0.13, -5.94, 0.14, 1.38, -0.97, 0.05, 0.19, -0.21, 0.67, 0.03, 2.77, -4.72, 2.43, 0.07, -0.41, 0.93, -0.05, 0.51, 0.01, -2.74, 0.14, 0.67, 0.23, -0.51, 1.29, 0.45, 0.31, 0.47, 0.64, -3.36, 1.01, 0.38, 0.03, 0.84, 0.06, 0.37, -0.03
-4.28, -3.65, 1.03, 0.08, -0.64, 1.27, 0.22, 0.29, 0.07, 9.97, 1.37, -3.13, -0.23, -0.44, 0.83, 0.41, 0.11, 0.13, -4.27, 1.09, 2.88, -0.99, 0.06, 0.19, -0.21, 0.67, 0.03, 3.53, -0.72, 1.94, 0.07, -0.42, 0.94, -0.05, 0.52, 0.01, -1.76, 1.14, 1.85, 0.22, -0.51, 1.25, 0.45, 0.30, 0.48, -0.03, -1.41, -0.28, 0.38, 0.04, 0.84, 0.06, 0.36, -0.02
-4.05, -1.15, 1.76, 0.07, -0.65, 1.28, 0.22, 0.30, 0.07, 9.12, 3.80, -3.36, -0.21, -0.44, 0.84, 0.41, 0.11, 0.12, -2.76, 2.32, 1.69, -1.00, 0.05, 0.21, -0.21, 0.67, 0.03, 2.58, -0.88, 1.90, 0.08, -0.43, 0.96, -0.04, 0.52, 0.02, -3.03, 3.66, 1.51, 0.23, -0.52, 1.26, 0.45, 0.30, 0.48, 1.39, 1.23, -0.34, 0.38, 0.02, 0.86, 0.06, 0.37, -0.03
-4.58, 0.58, 2.56, 0.08, -0.67, 1.28, 0.22, 0.31, 0.07, 9.05, 6.49, -2.79, -0.21, -0.47, 0.86, 0.42, 0.11, 0.13, -2.37, 5.09, -0.29, -1.00, 0.04, 0.21, -0.21, 0.67, 0.04, 1.85, 2.61, 2.24, 0.08, -0.45, 0.96, -0.04, 0.52, 0.01, -4.73, 5.36, 2.14, 0.25, -0.55, 1.27, 0.45, 0.30, 0.47, 0.70, 3.29, -1.75, 0.41, 0.00, 0.86, 0.06, 0.37, -0.04
-7.27, 1.29, 2.44, 0.10, -0.68, 1.25, 0.22, 0.30, 0.08, 6.74, 6.16, -4.31, -0.20, -0.46, 0.84, 0.41, 0.10, 0.12, -1.97, 3.25, -0.53, -0.99, 0.04, 0.22, -0.21, 0.67, 0.03, 1.30, 2.23, 1.35, 0.09, -0.43, 0.94, -0.04, 0.52, 0.01, -6.21, 4.11, 1.22, 0.24, -0.52, 1.26, 0.45, 0.30, 0.48, -2.87, 0.08, -1.22, 0.40, 0.03, 0.85, 0.06, 0.37, -0.03
-6.55, 0.91, 1.68, 0.09, -0.65, 1.25, 0.22, 0.31, 0.08, 7.77, 6.18, -4.21, -0.20, -0.45, 0.82, 0.41, 0.10, 0.12, -1.47, 3.42, -0.52, -0.98, 0.05, 0.21, -0.21, 0.67, 0.03, 3.26, -0.07, 0.43, 0.08, -0.41, 0.93, -0.05, 0.52, 0.02, -4.69, 5.55, 0.21, 0.24, -0.52, 1.26, 0.45, 0.31, 0.47, 0.72, 0.85, -2.71, 0.40, 0.02, 0.85, 0.06, 0.37, -0.03
-4.67, 1.39, 0.95, 0.10, -0.66, 1.27, 0.22, 0.31, 0.08, 10.17, 6.36, -4.69, -0.20, -0.46, 0.84, 0.41, 0.10, 0.13, -0.89, 3.82, 1.16, -1.00, 0.04, 0.21, -0.21, 0.67, 0.03, 3.98, 3.44, 1.43, 0.09, -0.43, 0.94, -0.05, 0.52, 0.02, -3.49, 6.03, 2.23, 0.24, -0.52, 1.26, 0.44, 0.31, 0.47, 0.41, 2.09, -1.76, 0.39, 0.03, 0.84, 0.07, 0.36, -0.03
-4.66, 1.73, 3.54, 0.09, -0.66, 1.25, 0.22, 0.30, 0.08, 7.60, 7.51, -2.46, -0.20, -0.45, 0.83, 0.41, 0.10, 0.13, -1.85, 5.73, 0.28, -0.97, 0.04, 0.20, -0.21, 0.67, 0.03, 4.82, 2.80, 2.64, 0.08, -0.42, 0.93, -0.04, 0.52, 0.02, -3.67, 5.59, 2.60, 0.24, -0.51, 1.23, 0.45, 0.30, 0.48, 1.21, 2.54, -1.13, 0.39, 0.02, 0.84, 0.06, 0.37, -0.03
-4.08, 1.38, 3.07, 0.09, -0.64, 1.24, 0.22, 0.31, 0.08, 9.79, 7.25, -2.94, -0.19, -0.44, 0.82, 0.41, 0.10, 0.14, -1.82, 4.58, 3.78, -0.97, 0.04, 0.21, -0.21, 0.67, 0.03, 4.73, 1.32, 2.18, 0.09, -0.42, 0.92, -0.04, 0.52, 0.02, -1.73, 4.84, 1.51, 0.24, -0.51, 1.23, 0.45, 0.30, 0.48, 2.53, 0.62, -1.56, 0.39, 0.03, 0.83, 0.06, 0.37, -0.03
-2.65, 0.34, 2.43, 0.09, -0.65, 1.26, 0.21, 0.31, 0.08, 11.63, 5.92, -2.30, -0.19, -0.44, 0.83, 0.42, 0.10, 0.13, -1.86, 3.70, 4.76, -0.97, 0.04, 0.20, -0.21, 0.67, 0.04, 5.37, 0.90, 1.72, 0.09, -0.43, 0.94, -0.04, 0.52, 0.02, -1.05, 3.24, 0.04, 0.25, -0.54, 1.26, 0.45, 0.31, 0.47, 3.24, -1.73, -1.09, 0.40, 0.02, 0.86, 0.06, 0.36, -0.03
-2.56, -1.69, 0.92, 0.10, -0.67, 1.25, 0.22, 0.31, 0.07, 11.10, 2.96, -3.15, -0.20, -0.47, 0.84, 0.41, 0.10, 0.13, -4.28, 2.09, 3.02, -1.00, 0.03, 0.21, -0.21, 0.67, 0.04, 5.18, -2.42, 2.56, 0.09, -0.46, 0.96, -0.05, 0.52, 0.02, -1.34, 1.90, 1.98, 0.24, -0.54, 1.25, 0.45, 0.30, 0.47, 2.33, -0.84, 1.20, 0.38, 0.02, 0.88, 0.06, 0.37, -0.03
-3.16, -2.03, 3.39, 0.08, -0.70, 1.26, 0.23, 0.31, 0.08, 9.36, 3.42, -1.46, -0.23, -0.48, 0.87, 0.41, 0.10, 0.13, -4.18, 3.54, 2.13, -1.02, 0.03, 0.21, -0.21, 0.67, 0.03, 2.80, -0.68, 3.28, 0.07, -0.48, 0.98, -0.04, 0.52, 0.01, -4.18, 3.41, 2.50, 0.25, -0.57, 1.28, 0.45, 0.31, 0.48, 0.96, 1.88, 0.46, 0.39, -0.00, 0.89, 0.06, 0.37, -0.04
-5.94, 0.08, 4.44, 0.09, -0.71, 1.28, 0.25, 0.31, 0.08, 6.53, 7.02, -0.76, -0.23, -0.51, 0.89, 0.41, 0.10, 0.12, -3.78, 6.33, -0.90, -1.07, 0.03, 0.22, -0.20, 0.67, 0.03, 0.11, 5.88, 6.28, 0.08, -0.49, 1.01, -0.04, 0.52, 0.01, -7.77, 5.62, 7.42, 0.25, -0.58, 1.30, 0.45, 0.31, 0.47, 0.84, 8.82, 1.23, 0.39, 0.01, 0.93, 0.06, 0.37, -0.04
-8.96, 4.38, 11.21, 0.08, -0.75, 1.32, 0.21, 0.32, 0.07, 1.49, 14.39, 3.19, -0.25, -0.54, 0.94, 0.42, 0.10, 0.13, -5.17, 14.03, -7.19, -1.13, 0.03, 0.23, -0.21, 0.67, 0.03, -4.36, 13.18, 11.02, 0.09, -0.52, 1.08, -0.04, 0.52, 0.01, -14.37, 12.28, 13.29, 0.28, -0.62, 1.36, 0.45, 0.31, 0.47, -0.68, 20.43, 2.05, 0.42, -0.00, 0.96, 0.06, 0.37, -0.03
-18.23, 7.07, 17.91, 0.12, -0.79, 1.35, 0.22, 0.31, 0.07, -7.51, 21.25, 4.44, -0.24, -0.56, 0.99, 0.42, 0.10, 0.12, -4.52, 17.88, -16.51, -1.15, 0.05, 0.24, -0.21, 0.67, 0.03, -12.19, 21.66, 14.78, 0.10, -0.54, 1.11, -0.04, 0.52, 0.01, -30.59, 5.55, 19.45, 0.33, -0.61, 1.37, 0.45, 0.31, 0.47, -8.13, 29.30, 5.16, 0.45, 0.00, 0.99, 0.07, 0.36, -0.03
-35.89, 1.85, 23.07, 0.13, -0.80, 1.37, 0.23, 0.31, 0.07, -18.21, 25.59, 2.58, -0.23, -0.58, 1.04, 0.42, 0.11, 0.12, -3.07, 17.12, -27.26, -1.16, 0.07, 0.26, -0.22, 0.67, 0.03, -21.47, 23.18, 17.32, 0.13, -0.55, 1.14, -0.03, 0.52, 0.01, -42.20, 7.48, 24.35, 0.32, -0.65, 1.43, 0.46, 0.31, 0.46, -18.41, 36.24, 10.36, 0.49, -0.01, 0.99, 0.07, 0.36, -0.04
-47.19, 11.06, 27.17, 0.14, -0.86, 1.47, 0.23, 0.32, 0.06, -29.30, 28.64, 1.43, -0.23, -0.55, 1.04, 0.42, 0.10, 0.11, 5.90, 15.92, -37.72, -1.13, 0.10, 0.28, -0.22, 0.67, 0.03, -31.59, 27.75, 17.97, 0.19, -0.53, 1.14, -0.03, 0.52, -0.00, -56.75, 6.56, 26.70, 0.38, -0.60, 1.42, 0.46, 0.31, 0.45, -27.54, 40.46, 11.95, 0.57, 0.01, 0.96, 0.08, 0.36, -0.04
-60.26, 12.16, 27.25, 0.21, -0.76, 1.41, 0.23, 0.32, 0.05, -38.53, 30.15, -2.80, -0.13, -0.54, 1.06, 0.42, 0.11, 0.10, 22.94, 6.54, -41.30, -1.13, 0.11, 0.30, -0.22, 0.67, 0.03, -40.43, 27.10, 19.29, 0.27, -0.51, 1.14, -0.03, 0.52, -0.01, -61.33, 5.27, 27.93, 0.38, -0.57, 1.47, 0.47, 0.31, 0.44, -37.51, 37.88, 18.76, 0.60, 0.03, 0.94, 0.08, 0.36, -0.06
-65.59, 7.13, 26.74, 0.24, -0.73, 1.44, 0.24, 0.32, 0.04, -49.43, 20.70, -4.79, -0.10, -0.48, 1.05, 0.42, 0.11, 0.09, 14.52, -1.26, -54.75, -1.15, 0.10, 0.34, -0.23, 0.67, 0.02, -51.58, 17.10, 20.91, 0.30, -0.48, 1.13, -0.02, 0.52, -0.03, -72.07, -8.32, 29.78, 0.43, -0.48, 1.44, 0.48, 0.31, 0.42, -49.80, 35.19, 25.74, 0.60, 0.07, 0.91, 0.09, 0.36, -0.07
-80.38, 0.87, 29.17, 0.31, -0.66, 1.44, 0.24, 0.33, 0.03, -56.33, 17.97, -3.79, -0.08, -0.47, 1.07, 0.42, 0.11, 0.08, 0.22, 2.56, -73.06, -1.15, 0.15, 0.32, -0.25, 0.66, 0.03, -59.55, 16.88, 27.75, 0.32, -0.46, 1.11, -0.02, 0.52, -0.04, -83.74, -18.75, 43.57, 0.39, -0.44, 1.48, 0.48, 0.32, 0.41, -56.77, 43.21, 38.02, 0.60, 0.10, 0.85, 0.10, 0.35, -0.07
-83.81, -11.57, 38.13, 0.23, -0.65, 1.48, 0.24, 0.33, -0.03, -70.20, 14.29, -1.02, -0.08, -0.40, 1.03, 0.42, 0.10, 0.06, 22.83, 11.70, -93.65, -1.05, 0.23, 0.30, -0.25, 0.65, 0.03, -70.81, 12.49, 33.26, 0.28, -0.39, 1.09, -0.02, 0.51, -0.06, -90.63, -20.19, 47.09, 0.36, -0.39, 1.45, 0.49, 0.32, 0.38, -67.73, 45.59, 44.73, 0.60, 0.15, 0.79, 0.11, 0.34, -0.08
-95.54, -12.63, 35.91, 0.23, -0.55, 1.46, 0.25, 0.34, -0.01, -88.00, 12.13, -6.10, -0.09, -0.32, 1.01, 0.41, 0.10, 0.03, 29.68, 7.11, -100.01, -1.00, 0.30, 0.30, -0.27, 0.64, 0.03, -89.26, 10.13, 34.15, 0.26, -0.32, 1.04, -0.01, 0.51, -0.07, -107.97, -43.52, 52.67, 0.33, -0.29, 1.42, 0.50, 0.31, 0.36, -81.42, 45.85, 45.89, 0.59, 0.21, 0.71, 0.12, 0.33, -0.09
-116.46, -14.92, 35.78, 0.23, -0.50, 1.42, 0.26, 0.33, -0.04, -100.95, 13.75, -11.00, -0.05, -0.24, 0.96, 0.41, 0.09, 0.02, 16.44, 5.04, -117.99, -0.91, 0.28, 0.35, -0.28, 0.63, 0.03, -106.07, 8.74, 31.59, 0.28, -0.24, 1.01, -0.00, 0.50, -0.10, -130.32, -40.43, 44.46, 0.28, -0.23, 1.46, 0.50, 0.31, 0.33, -94.63, 46.25, 49.80, 0.61, 0.26, 0.64, 0.14, 0.31, -0.10
-145.13, -36.82, 29.96, 0.22, -0.34, 1.39, 0.27, 0.32, -0.06, -107.97, 3.95, -15.24, -0.03, -0.15, 0.93, 0.40, 0.08, -0.01, 15.90, 12.84, -138.96, -0.87, 0.36, 0.32, -0.29, 0.61, 0.02, -114.71, -2.68, 33.64, 0.27, -0.11, 0.92, 0.00, 0.48, -0.11, -150.72, -49.41, 41.33, 0.24, -0.06, 1.38, 0.50, 0.30, 0.30, -101.95, 43.84, 51.07, 0.58, 0.38, 0.57, 0.14, 0.30, -0.12
-156.86, -36.31, 27.13, 0.15, -0.19, 1.38, 0.27, 0.31, -0.10, -128.80, -0.75, -15.05, -0.11, 0.05, 0.80, 0.40, 0.07, -0.02, 16.02, 17.52, -148.15, -0.75, 0.47, 0.31, -0.31, 0.60, 0.03, -151.47, -7.54, 38.97, 0.26, 0.03, 0.86, 0.00, 0.47, -0.14, -169.02, -49.30, 30.62, 0.16, 0.03, 1.33, 0.50, 0.28, 0.28, -101.99, 38.82, 46.27, 0.55, 0.43, 0.50, 0.16, 0.28, -0.12
-167.50, -43.05, 26.48, 0.04, -0.08, 1.37, 0.26, 0.30, -0.10, -142.54, 14.03, -22.39, -0.01, 0.06, 0.91, 0.39, 0.05, -0.04, -8.37, 17.80, -141.22, -0.70, 0.50, 0.34, -0.32, 0.58, 0.02, -153.54, -8.13, 42.51, 0.21, 0.15, 0.79, 0.01, 0.45, -0.16, -165.66, -44.51, 30.03, 0.15, 0.19, 1.29, 0.50, 0.27, 0.26, -97.24, 39.18, 43.16, 0.55, 0.52, 0.40, 0.16, 0.26, -0.11
-169.10, -25.75, 24.31, 0.10, 0.10, 1.29, 0.27, 0.27, -0.13, -151.77, -2.27, -13.39, -0.07, 0.25, 0.72, 0.38, 0.03, -0.06, 1.73, 34.02, -142.32, -0.53, 0.61, 0.30, -0.33, 0.55, 0.02, -151.83, -16.23, 38.71, 0.21, 0.28, 0.74, 0.01, 0.43, -0.18, -168.21, -42.59, 21.53, 0.09, 0.32, 1.21, 0.50, 0.24, 0.24, -87.61, 35.31, 39.13, 0.54, 0.56, 0.32, 0.17, 0.25, -0.11
-167.87, -34.12, 16.79, 0.06, 0.22, 1.27, 0.27, 0.25, -0.16, -141.80, -5.53, -15.13, -0.02, 0.38, 0.66, 0.39, 0.00, -0.08, -4.60, 27.59, -139.97, -0.44, 0.63, 0.31, -0.33, 0.53, 0.02, -158.81, -18.69, 38.08, 0.21, 0.41, 0.66, 0.00, 0.40, -0.19, -169.36, -57.49, 16.63, 0.11, 0.49, 1.14, 0.50, 0.21, 0.22, -91.93, 26.08, 38.68, 0.50, 0.63, 0.24, 0.18, 0.23, -0.11
-180.37, -49.27, 16.22, 0.04, 0.39, 1.20, 0.26, 0.23, -0.18, -139.52, -3.81, -12.39, -0.04, 0.52, 0.62, 0.38, -0.02, -0.09, -11.43, 27.32, -124.04, -0.33, 0.72, 0.29, -0.33, 0.51, 0.02, -161.33, -17.91, 41.09, 0.14, 0.53, 0.61, -0.00, 0.37, -0.21, -165.27, -59.48, 16.72, -0.01, 0.57, 1.00, 0.49, 0.19, 0.21, -74.16, 21.82, 35.22, 0.49, 0.69, 0.18, 0.18, 0.21, -0.11
-178.35, -35.08, 14.00, -0.01, 0.47, 1.20, 0.29, 0.20, -0.19, -135.94, -6.22, -7.55, -0.08, 0.58, 0.49, 0.37, -0.05, -0.10, -8.49, 33.12, -114.74, -0.29, 0.73, 0.30, -0.34, 0.49, 0.01, -180.21, -12.21, 44.58, 0.15, 0.60, 0.55, -0.01, 0.34, -0.21, -171.96, -66.54, 17.50, -0.01, 0.67, 0.99, 0.48, 0.16, 0.20, -63.10, 20.24, 32.18, 0.48, 0.70, 0.12, 0.19, 0.20, -0.11
-196.54, -37.34, 19.00, 0.01, 0.59, 1.08, 0.24, 0.19, -0.20, -132.05, 0.64, -6.32, -0.06, 0.68, 0.48, 0.37, -0.06, -0.10, -6.62, 38.41, -111.39, -0.15, 0.78, 0.30, -0.34, 0.48, 0.01, -179.94, -12.12, 49.97, 0.04, 0.73, 0.39, -0.01, 0.31, -0.22, -183.18, -78.39, 7.60, 0.01, 0.78, 0.86, 0.47, 0.13, 0.19, -64.55, 15.80, 28.02, 0.48, 0.76, 0.08, 0.19, 0.19, -0.11
-219.14, -32.68, 19.69, -0.07, 0.72, 0.94, 0.24, 0.15, -0.20, -127.67, 4.82, -7.65, -0.06, 0.74, 0.36, 0.36, -0.08, -0.12, -12.79, 23.87, -79.13, -0.11, 0.88, 0.29, -0.33, 0.46, 0.01, -174.19, -7.90, 41.92, 0.06, 0.79, 0.35, -0.01, 0.28, -0.22, -172.47, -77.47, 15.42, -0.13, 0.85, 0.77, 0.46, 0.10, 0.20, -42.30, 13.29, 26.43, 0.46, 0.77, 0.08, 0.19, 0.18, -0.11
-198.04, -15.60, 30.33, -0.07, 0.74, 0.81, 0.23, 0.11, -0.21, -118.40, 9.97, -10.11, -0.12, 0.82, 0.36, 0.36, -0.11, -0.11, -25.89, 24.07, -54.22, -0.12, 0.84, 0.36, -0.33, 0.45, 0.01, -138.26, 5.74, 34.18, 0.04, 0.83, 0.27, -0.01, 0.25, -0.21, -154.55, -62.98, 25.38, -0.10, 0.92, 0.74, 0.44, 0.07, 0.20, -31.21, 14.42, 27.20, 0.44, 0.77, 0.06, 0.19, 0.17, -0.10
-200.30, 16.19, 30.49, -0.13, 0.89, 0.81, 0.24, 0.08, -0.20, -100.89, 8.89, -4.90, -0.09, 0.80, 0.31, 0.36, -0.13, -0.10, -27.78, 14.22, -50.95, -0.05, 0.89, 0.28, -0.32, 0.44, 0.00, -103.03, 5.26, 31.40, 0.01, 0.91, 0.24, -0.02, 0.23, -0.20, -130.46, -53.81, 28.30, -0.18, 0.94, 0.68, 0.43, 0.05, 0.21, -39.02, 14.29, 28.61, 0.46, 0.80, 0.06, 0.19, 0.17, -0.10
-149.40, 2.63, 23.52, -0.12, 0.93, 0.71, 0.23, 0.07, -0.20, -77.84, 1.30, -6.77, -0.08, 0.95, 0.23, 0.36, -0.15, -0.10, -24.94, 4.92, -40.26, -0.07, 0.92, 0.27, -0.32, 0.43, 0.01, -75.95, -4.79, 20.31, -0.02, 0.91, 0.14, -0.02, 0.22, -0.20, -106.68, -43.78, 35.65, -0.22, 0.96, 0.54, 0.42, 0.04, 0.22, -34.09, 7.57, 20.40, 0.45, 0.86, 0.02, 0.19, 0.16, -0.09
-117.27, 3.87, 13.05, -0.15, 0.93, 0.57, 0.23, 0.04, -0.19, -52.46, 3.50, -11.05, -0.09, 0.95, 0.22, 0.36, -0.16, -0.10, -22.00, 2.47, -26.55, -0.04, 0.95, 0.27, -0.32, 0.42, 0.01, -70.58, 0.67, 10.51, -0.01, 0.96, 0.17, -0.02, 0.21, -0.19, -86.63, -40.01, 59.47, -0.37, 0.94, 0.54, 0.41, 0.03, 0.23, -17.55, 3.93, 13.41, 0.44, 0.86, 0.00, 0.20, 0.15, -0.10
-85.26, 9.89, 7.84, -0.08, 1.00, 0.60, 0.24, 0.02, -0.17, -38.63, -1.57, -10.95, -0.09, 0.96, 0.21, 0.36, -0.16, -0.09, -19.15, 0.36, -21.13, -0.03, 0.94, 0.26, -0.32, 0.42, 0.01, -50.45, -3.57, 12.83, 0.01, 0.96, 0.10, -0.02, 0.20, -0.19, -63.49, -31.51, 13.71, -0.29, 0.99, 0.46, 0.40, 0.02, 0.23, -20.32, 2.80, 12.72, 0.43, 0.87, 0.03, 0.19, 0.15, -0.10
-54.92, -9.25, 8.74, -0.17, 1.00, 0.50, 0.23, 0.02, -0.18, -26.65, 2.79, -4.84, -0.09, 1.00, 0.16, 0.36, -0.17, -0.09, -13.06, 0.34, -12.49, -0.04, 0.98, 0.25, -0.32, 0.42, 0.01, -29.07, 1.02, 8.40, -0.06, 1.00, 0.02, -0.02, 0.19, -0.18, -41.17, -16.76, 9.57, -0.32, 1.00, 0.40, 0.40, 0.01, 0.24, -9.79, 4.43, 6.06, 0.43, 0.93, -0.00, 0.20, 0.15, -0.10
-29.11, 10.11, 5.26, -0.21, 1.02, 0.54, 0.23, 0.02, -0.18, -19.25, 7.41, -8.21, -0.12, 1.01, 0.17, 0.36, -0.18, -0.09, -8.90, 3.00, -3.70, -0.01, 0.98, 0.23, -0.31, 0.42, 0.01, -12.93, 0.26, 1.41, -0.06, 0.98, 0.03, -0.02, 0.19, -0.19, -26.86, -13.48, 3.50, -0.32, 1.00, 0.41, 0.39, 0.02, 0.24, 0.59, 5.16, 4.79, 0.41, 0.89, 0.01, 0.20, 0.14, -0.10
-16.22, 2.16, 2.94, -0.15, 1.01, 0.50, 0.23, 0.01, -0.18, -8.05, 11.15, -5.27, -0.10, 0.97, 0.17, 0.36, -0.18, -0.09, -6.60, 3.63, 0.54, -0.01, 0.97, 0.24, -0.31, 0.42, 0.01, -3.24, 1.93, 2.87, -0.01, 0.98, 0.11, -0.02, 0.19, -0.18, -21.94, -9.12, 0.64, -0.31, 1.01, 0.42, 0.40, 0.01, 0.24, -0.04, 2.15, 2.39, 0.43, 0.87, 0.01, 0.20, 0.14, -0.09
-14.71, 0.44, 2.52, -0.16, 1.01, 0.52, 0.24, 0.01, -0.18, -2.24, 4.67, -5.08, -0.09, 1.01, 0.15, 0.36, -0.18, -0.09, -2.91, -2.67, 1.06, -0.01, 0.99, 0.25, -0.31, 0.42, 0.01, 1.11, -4.13, 1.51, -0.03, 0.99, 0.08, -0.02, 0.18, -0.18, -11.62, -8.62, 1.56, -0.30, 1.01, 0.39, 0.40, 0.00, 0.25, -4.57, -1.61, -0.65, 0.45, 0.90, 0.01, 0.20, 0.14, -0.09
-8.05, -4.22, 1.02, -0.17, 1.01, 0.53, 0.23, 0.00, -0.17, 9.89, 1.14, -5.39, -0.08, 0.99, 0.18, 0.36, -0.18, -0.09, -1.35, -2.86, 4.63, -0.06, 0.96, 0.28, -0.31, 0.42, 0.01, 2.90, -2.47, 0.58, 0.02, 0.98, 0.07, -0.02, 0.19, -0.18, -4.35, 6.06, 3.39, -0.26, 1.03, 0.40, 0.39, -0.00, 0.25, 4.36, -1.54, -0.59, 0.45, 0.88, -0.00, 0.20, 0.14, -0.09
-2.95, 2.18, 5.43, -0.11, 1.01, 0.57, 0.23, 0.02, -0.16, 12.88, 7.54, 0.69, -0.04, 0.98, 0.19, 0.36, -0.18, -0.09, -7.03, 6.48, 4.83, -0.04, 0.95, 0.27, -0.32, 0.42, 0.01, 6.65, -1.08, 5.78, 0.01, 0.97, 0.11, -0.02, 0.19, -0.18, -2.95, 1.43, 6.65, -0.29, 1.01, 0.45, 0.39, -0.00, 0.25, 3.57, 0.19, 1.90, 0.44, 0.85, 0.01, 0.19, 0.14, -0.09
-3.85, -4.75, 7.27, -0.14, 1.01, 0.55, 0.23, 0.00, -0.17, 9.97, 4.62, 3.16, -0.08, 0.97, 0.22, 0.36, -0.19, -0.09, -8.01, 7.40, 2.79, -0.03, 0.98, 0.26, -0.31, 0.42, 0.01, 3.90, -2.46, 7.18, -0.01, 0.98, 0.13, -0.02, 0.19, -0.18, -5.44, 2.31, 5.64, -0.31, 1.01, 0.45, 0.39, 0.00, 0.25, -1.54, 1.62, 2.93, 0.46, 0.88, 0.02, 0.19, 0.14, -0.09
-5.17, -3.72, 6.05, -0.16, 1.01, 0.54, 0.24, 0.01, -0.17, 12.13, 1.36, 1.11, -0.10, 0.99, 0.21, 0.36, -0.19, -0.09, -4.38, 1.08, 2.71, -0.06, 0.98, 0.26, -0.31, 0.42, 0.01, 5.52, -2.50, 4.50, -0.02, 0.99, 0.11, -0.02, 0.18, -0.18, -2.89, 2.21, 3.83, -0.30, 1.01, 0.44, 0.39, 0.00, 0.25, 1.09, -0.91, -0.75, 0.45, 0.88, 0.03, 0.20, 0.14, -0.09
-4.56, -2.27, 3.79, -0.17, 1.00, 0.58, 0.22, 0.02, -0.17, 14.28, 1.73, 0.01, -0.10, 0.97, 0.22, 0.36, -0.18, -0.09, -2.65, 1.08, 2.90, -0.04, 0.97, 0.25, -0.31, 0.41, 0.01, 2.54, -4.10, 2.18, -0.01, 0.98, 0.12, -0.02, 0.19, -0.18, -3.60, 0.44, 2.23, -0.31, 1.00, 0.45, 0.39, 0.01, 0.25, -2.03, -2.50, -0.85, 0.45, 0.86, 0.02, 0.20, 0.14, -0.09
-4.61, -6.74, 2.81, -0.16, 1.01, 0.53, 0.23, 0.01, -0.17, 13.62, -0.67, -1.90, -0.10, 0.98, 0.21, 0.35, -0.18, -0.09, -2.03, 0.10, 2.74, -0.07, 0.97, 0.27, -0.31, 0.42, 0.01, 3.87, -4.42, 1.44, -0.03, 0.98, 0.10, -0.02, 0.19, -0.18, 1.64, 0.52, 2.62, -0.31, 1.01, 0.40, 0.39, 0.00, 0.25, -2.99, -3.90, -2.65, 0.44, 0.89, 0.01, 0.20, 0.15, -0.09
-0.70, -4.81, 2.24, -0.16, 1.00, 0.55, 0.23, 0.01, -0.17, 14.54, 2.47, -3.62, -0.10, 0.97, 0.22, 0.36, -0.19, -0.09, -0.20, 3.39, 4.92, -0.07, 0.97, 0.27, -0.32, 0.42, 0.01, 7.74, -0.22, -1.88, -0.01, 0.99, 0.11, -0.02, 0.18, -0.18, 0.22, 4.77, 1.14, -0.30, 1.02, 0.42, 0.40, -0.00, 0.25, 3.72, -0.56, -3.28, 0.45, 0.88, 0.02, 0.20, 0.15, -0.08
1.52, 1.44, 1.88, -0.14, 1.00, 0.57, 0.22, 0.02, -0.17, 14.21, 3.90, -2.54, -0.08, 0.97, 0.23, 0.36, -0.19, -0.10, -0.64, 4.05, 5.97, -0.07, 0.96, 0.27, -0.31, 0.42, 0.01, 8.19, -0.01, 1.33, 0.00, 0.98, 0.12, -0.03, 0.19, -0.18, -0.73, 6.07, 2.39, -0.30, 1.01, 0.43, 0.40, 0.01, 0.26, 1.06, 1.05, -1.06, 0.45, 0.87, 0.01, 0.19, 0.14, -0.09
0.51, -0.48, 2.14, -0.16, 1.00, 0.55, 0.24, 0.01, -0.16, 15.88, 4.15, -1.54, -0.09, 0.97, 0.22, 0.35, -0.18, -0.09, -1.97, 8.90, 6.12, -0.05, 0.97, 0.27, -0.32, 0.42, 0.01, 7.42, 0.84, 0.23, 0.00, 0.97, 0.11, -0.02, 0.19, -0.18, -0.19, 6.71, 0.86, -0.29, 1.02, 0.43, 0.39, 0.00, 0.26, 3.88, 1.29, -3.21, 0.46, 0.87, 0.01, 0.20, 0.14, -0.09
0.86, 0.65, 1.78, -0.13, 1.01, 0.55, 0.23, 0.01, -0.17, 17.01, 3.69, -0.99, -0.07, 0.97, 0.22, 0.36, -0.18, -0.09, -2.69, 6.95, 6.85, -0.05, 0.96, 0.27, -0.32, 0.42, 0.01, 9.50, -0.45, 1.31, 0.01, 0.98, 0.12, -0.02, 0.19, -0.18, 2.27, 4.89, 3.07, -0.29, 1.02, 0.45, 0.39, 0.01, 0.25, 1.00, -0.84, -1.98, 0.46, 0.88, 0.03, 0.19, 0.15, -0.10
2.64, -2.64, 3.81, -0.15, 1.00, 0.58, 0.23, 0.01, -0.17, 17.96, 1.11, 1.59, -0.09, 0.97, 0.24, 0.36, -0.18, -0.09, -3.86, 4.16, 6.57, -0.08, 0.97, 0.27, -0.32, 0.43, 0.01, 11.73, -0.83, 2.98, -0.01, 0.99, 0.14, -0.03, 0.19, -0.18, 2.90, 6.12, 4.33, -0.31, 1.01, 0.46, 0.43, 0.01, 0.25, 2.52, -2.88, -1.12, 0.46, 0.88, 0.03, 0.21, 0.14, -0.09
3.31, -0.58, 1.95, -0.18, 1.00, 0.60, 0.22, 0.01, -0.17, 21.84, 3.28, -0.04, -0.10, 0.98, 0.26, 0.36, -0.18, -0.10, -2.40, 6.22, 6.28, -0.08, 0.98, 0.28, -0.32, 0.42, 0.00, 11.32, 1.90, 0.46, -0.02, 0.99, 0.14, -0.02, 0.19, -0.18, 2.71, 8.90, 2.04, -0.31, 1.01, 0.46, 0.39, 0.01, 0.25, 4.71, -0.15, -4.23, 0.46, 0.87, 0.02, 0.19, 0.15, -0.09
7.16, 5.56, 1.23, -0.14, 1.01, 0.57, 0.23, 0.01, -0.17, 25.48, 9.87, -2.06, -0.11, 0.97, 0.26, 0.36, -0.17, -0.10, 0.03, 9.19, 8.73, -0.10, 0.97, 0.29, -0.32, 0.42, 0.01, 15.82, 9.05, -1.07, 0.00, 0.98, 0.15, -0.03, 0.19, -0.18, 5.30, 15.22, 1.99, -0.30, 1.02, 0.47, 0.40, 0.01, 0.24, 7.13, 4.04, -4.19, 0.46, 0.88, 0.04, 0.20, 0.15, -0.10
8.29, 9.82, 1.70, -0.14, 1.01, 0.62, 0.23, 0.02, -0.18, 29.00, 15.09, 0.35, -0.10, 0.96, 0.30, 0.36, -0.17, -0.10, -2.01, 12.86, 7.61, -0.10, 0.97, 0.29, -0.32, 0.42, 0.00, 18.95, 13.16, 0.12, -0.02, 0.99, 0.17, -0.01, 0.20, -0.18, 7.08, 21.40, 3.20, -0.33, 1.01, 0.45, 0.40, 0.01, 0.24, 7.63, 8.05, -2.50, 0.45, 0.87, 0.04, 0.19, 0.15, -0.10
17.64, 16.55, 0.15, -0.19, 1.02, 0.59, 0.23, 0.02, -0.17, 47.48, 22.14, -0.10, -0.14, 0.98, 0.31, 0.36, -0.17, -0.09, 0.69, 19.64, 8.73, -0.13, 0.99, 0.29, -0.31, 0.42, 0.01, 35.23, 27.62, -4.72, -0.04, 1.01, 0.15, -0.02, 0.20, -0.19, 15.47, 42.93, 1.22, -0.31, 1.01, 0.39, 0.39, 0.01, 0.24, 12.23, 12.98, -10.05, 0.41, 0.90, 0.02, 0.20, 0.15, -0.10
40.87, 36.67, -3.35, -0.23, 1.03, 0.50, 0.24, 0.02, -0.18, 70.32, 47.40, 6.98, -0.20, 0.99, 0.30, 0.36, -0.16, -0.10, 9.20, 39.11, 18.42, -0.13, 1.04, 0.29, -0.32, 0.43, -0.00, 75.28, 63.04, -12.13, -0.12, 1.01, 0.08, -0.01, 0.20, -0.19, 34.21, 72.10, -1.11, -0.36, 0.97, 0.36, 0.40, 0.01, 0.24, 33.51, 28.34, -25.88, 0.40, 0.95, -0.00, 0.20, 0.15, -0.09
75.08, 67.75, -12.23, -0.25, 1.00, 0.54, 0.25, 0.03, -0.18, 94.78, 88.73, 4.90, -0.15, 0.97, 0.28, 0.38, -0.15, -0.11, 20.52, 68.42, 42.02, -0.16, 0.98, 0.28, -0.32, 0.43, -0.01, 93.09, 82.73, -31.92, -0.04, 0.95, 0.21, 0.00, 0.22, -0.19, 56.71, 107.88, -8.35, -0.34, 0.95, 0.43, 0.41, 0.02, 0.23, 67.07, 52.78, -34.78, 0.41, 0.89, 0.03, 0.20, 0.15, -0.09
120.03, 97.96, -23.96, -0.07, 0.95, 0.54, 0.26, 0.04, -0.19, 126.46, 112.87, 8.25, -0.18, 0.88, 0.39, 0.39, -0.14, -0.10, 20.36, 94.30, 56.32, -0.24, 1.00, 0.31, -0.31, 0.44, -0.02, 110.92, 106.85, -35.04, -0.07, 0.94, 0.22, 0.02, 0.23, -0.19, 73.91, 154.10, -13.11, -0.39, 0.89, 0.48, 0.43, 0.03, 0.21, 88.52, 79.65, -45.59, 0.40, 0.87, 0.04, 0.21, 0.17, -0.09
155.43, 144.98, -36.49, -0.25, 0.87, 0.67, 0.27, 0.06, -0.19, 178.47, 160.72, 12.05, -0.22, 0.90, 0.39, 0.41, -0.12, -0.11, 30.31, 119.49, 78.22, -0.15, 1.09, 0.31, -0.31, 0.45, -0.04, 183.23, 157.13, -55.18, -0.06, 0.88, 0.15, 0.05, 0.25, -0.20, 112.85, 221.89, -31.93, -0.24, 0.91, 0.56, 0.45, 0.05, 0.21, 114.35, 114.48, -70.43, 0.50, 0.82, 0.09, 0.23, 0.18, -0.08
170.56, 194.53, -53.29, -0.02, 0.73, 0.93, 0.29, 0.09, -0.19, 234.30, 201.33, 8.68, -0.05, 0.72, 0.57, 0.44, -0.09, -0.11, 60.69, 112.41, 127.87, -0.15, 1.02, 0.27, -0.31, 0.46, -0.05, 165.03, 195.66, -70.82, 0.24, 0.72, 0.50, 0.08, 0.29, -0.19, 124.71, 244.96, -33.85, -0.02, 0.87, 0.83, 0.49, 0.07, 0.20, 136.03, 121.51, -94.48, 0.58, 0.69, 0.07, 0.24, 0.20, -0.08
131.89, 200.37, -42.37, 0.25, 0.75, 0.91, 0.33, 0.11, -0.18, 174.22, 201.43, 17.63, 0.26, 0.49, 0.77, 0.48, -0.06, -0.09, 26.53, 157.14, 92.88, -0.36, 0.76, 0.41, -0.30, 0.48, -0.07, 172.61, 185.55, -59.09, 0.53, 0.64, 0.33, 0.10, 0.31, -0.17, 150.40, 244.96, -20.06, 0.04, 0.87, 0.83, 0.53, 0.09, 0.20, 114.83, 124.15, -90.52, 0.69, 0.58, 0.09, 0.25, 0.22, -0.08
215.81, 196.11, -37.15, 0.30, 0.70, 0.74, 0.36, 0.14, -0.17, 167.13, 183.11, 26.45, 0.20, 0.61, 0.53, 0.51, -0.04, -0.06, 28.82, 161.11, 69.40, -0.18, 0.92, 0.41, -0.28, 0.49, -0.08, 244.96, 182.82, -67.30, 0.44, 0.55, 0.16, 0.12, 0.35, -0.14, 244.96, 244.96, -15.22, 0.28, 0.68, 0.90, 0.56, 0.12, 0.22, 108.52, 107.84, -97.51, 0.81, 0.61, 0.09, 0.26, 0.24, -0.06
244.96, 215.71, -49.35, 0.56, 0.34, 0.92, 0.39, 0.18, -0.13, 234.94, 183.97, 21.67, 0.39, 0.50, 0.48, 0.53, -0.01, -0.03, 53.09, 129.45, 79.28, -0.04, 0.97, 0.41, -0.26, 0.50, -0.10, 244.96, 198.78, -47.74, 0.84, 0.27, 0.81, 0.14, 0.39, -0.10, 220.57, 244.96, 21.82, 0.43, 0.55, 1.02, 0.59, 0.15, 0.26, 123.30, 84.27, -107.89, 0.79, 0.44, -0.03, 0.26, 0.28, -0.05
226.99, 184.74, 2.27, 0.80, 0.22, 1.29, 0.41, 0.21, -0.09, 238.51, 182.09, 20.25, 0.66, 0.27, 0.65, 0.55, 0.00, -0.01, 70.63, 127.26, 73.71, -0.24, 0.66, 0.58, -0.25, 0.51, -0.11, 186.51, 152.09, -28.50, 0.76, 0.28, 0.48, 0.15, 0.41, -0.06, 193.93, 230.28, 41.89, 0.54, 0.43, 1.19, 0.62, 0.17, 0.29, 94.07, 75.52, -106.76, 0.86, 0.36, 0.04, 0.26, 0.28, -0.03
214.97, 159.00, 7.44, 0.71, 0.21, 1.01, 0.41, 0.22, -0.06, 244.96, 176.59, 19.48, 0.74, 0.18, 0.39, 0.56, 0.01, 0.04, 43.90, 122.90, 34.34, -0.13, 0.74, 0.60, -0.23, 0.52, -0.12, 244.96, 144.12, -34.70, 0.84, 0.14, 0.17, 0.15, 0.42, -0.02, 217.21, 236.27, 59.93, 0.53, 0.20, 0.70, 0.62, 0.17, 0.32, 96.54, 71.64, -96.50, 0.89, 0.37, 0.04, 0.25, 0.30, -0.02
244.96, 164.63, 25.78, 0.87, 0.06, 0.86, 0.41, 0.22, -0.01, 244.96, 162.17, 43.41, 0.81, -0.15, 0.51, 0.57, 0.02, 0.10, 38.39, 118.25, 31.40, -0.13, 0.72, 0.66, -0.21, 0.53, -0.12, 244.96, 181.09, -14.52, 1.01, -0.15, 0.46, 0.14, 0.41, 0.04, 235.66, 241.67, 99.37, 0.90, 0.24, 1.05, 0.63, 0.18, 0.35, 105.60, 77.66, -90.10, 0.87, 0.24, -0.01, 0.25, 0.32, 0.00
244.96, 223.12, 35.27, 0.92, -0.14, 0.94, 0.42, 0.21, 0.05, 244.96, 134.70, 76.23, 0.98, -0.34, 0.42, 0.58, 0.00, 0.15, 26.62, 133.31, 24.52, -0.03, 0.64, 0.74, -0.19, 0.54, -0.13, 244.96, 123.98, 22.25, 1.06, -0.26, 0.16, 0.13, 0.39, 0.10, 243.80, 230.13, 131.94, 1.05, 0.13, 1.06, 0.63, 0.15, 0.39, 107.98, 89.63, -73.15, 0.99, 0.02, -0.06, 0.23, 0.33, 0.02
244.96, 184.78, 59.93, 1.03, -0.18, 0.61, 0.41, 0.18, 0.10, 244.96, 54.60, 77.22, 0.76, -0.50, 0.14, 0.57, -0.03, 0.19, 28.46, 99.67, 25.60, 0.23, 0.66, 0.76, -0.18, 0.54, -0.13, 244.96, 69.42, -21.17, 0.93, -0.24, 0.27, 0.13, 0.34, 0.13, 244.96, 143.40, 115.32, 0.89, 0.10, 0.98, 0.63, 0.12, 0.43, 75.03, 55.25, -78.18, 1.09, 0.10, -0.11, 0.23, 0.34, 0.04
244.96, 144.36, 8.59, 1.04, -0.16, 0.92, 0.39, 0.15, 0.14, 244.96, 88.69, 47.96, 0.87, -0.33, 0.35, 0.57, -0.07, 0.22, 13.73, 78.15, 50.15, 0.08, 0.69, 0.73, -0.16, 0.54, -0.13, 244.96, 73.32, -7.39, 1.06, -0.36, 0.15, 0.12, 0.32, 0.15, 201.39, 123.88, 92.70, 1.01, 0.17, 1.00, 0.62, 0.09, 0.46, 75.75, 13.50, -96.42, 1.01, 0.04, -0.09, 0.22, 0.35, 0.05
244.96, 118.94, 20.16, 1.10, -0.24, 0.47, 0.38, 0.13, 0.15, 244.96, 87.79, 32.99, 0.98, -0.37, 0.04, 0.56, -0.11, 0.24, 20.74, 62.84, 35.84, 0.08, 0.61, 0.80, -0.15, 0.55, -0.13, 244.96, 46.20, -10.39, 1.05, -0.45, -0.06, 0.11, 0.28, 0.16, 205.31, 80.42, 94.62, 1.05, 0.01, 0.87, 0.62, 0.07, 0.47, 57.17, 8.07, -77.95, 0.95, -0.02, -0.12, 0.20, 0.37, 0.05
244.96, 97.45, 16.43, 1.09, -0.32, 0.40, 0.37, 0.09, 0.16, 244.96, 47.30, 34.84, 1.00, -0.55, -0.07, 0.55, -0.13, 0.24, 7.10, 53.94, 15.49, 0.03, 0.63, 0.82, -0.14, 0.55, -0.14, 244.96, 25.51, 13.60, 0.99, -0.43, -0.19, 0.11, 0.24, 0.15, 215.52, 36.66, 116.23, 0.97, 0.11, 0.84, 0.61, 0.04, 0.47, 48.59, 31.85, -50.28, 0.98, -0.06, -0.10, 0.20, 0.38, 0.07
244.96, 43.89, 17.01, 0.94, -0.22, 0.20, 0.36, 0.05, 0.15, 244.96, 18.61, 36.28, 0.93, -0.30, -0.17, 0.55, -0.17, 0.24, 1.68, 47.52, 2.45, 0.02, 0.64, 0.76, -0.13, 0.55, -0.13, 244.96, 6.98, -0.91, 0.93, -0.29, -0.29, 0.10, 0.20, 0.14, 244.96, 54.92, 170.22, 0.97, 0.16, 0.76, 0.60, 0.01, 0.47, 42.49, 40.34, -41.04, 0.95, -0.13, -0.13, 0.19, 0.37, 0.08
244.96, 42.00, 2.35, 1.02, -0.27, 0.24, 0.35, 0.00, 0.13, 244.96, -11.83, 27.66, 1.02, -0.31, -0.18, 0.54, -0.20, 0.23, 1.81, 51.28, -14.03, 0.07, 0.55, 0.85, -0.12, 0.56, -0.13, 244.96, -33.44, 0.13, 0.95, -0.27, -0.22, 0.10, 0.17, 0.12, 235.83, 54.95, 159.58, 0.94, 0.13, 0.82, 0.58, -0.02, 0.45, 32.50, 36.22, -35.02, 1.04, -0.19, -0.19, 0.17, 0.38, 0.08
244.96, 7.62, -3.78, 0.95, -0.05, 0.12, 0.34, -0.00, 0.12, 235.65, -27.48, 12.04, 0.93, -0.20, -0.11, 0.54, -0.23, 0.20, -6.61, 35.69, -20.18, 0.21, 0.62, 0.81, -0.12, 0.56, -0.13, 244.95, -31.54, -9.11, 0.94, -0.31, -0.15, 0.11, 0.15, 0.08, 190.68, 34.89, 130.27, 0.90, 0.10, 0.89, 0.56, -0.04, 0.42, 14.66, 19.20, -38.34, 1.02, -0.18, -0.24, 0.17, 0.38, 0.09
192.86, 15.54, -3.53, 1.00, -0.08, 0.27, 0.34, -0.04, 0.09, 143.26, -7.42, 23.47, 0.88, -0.16, -0.20, 0.53, -0.24, 0.19, -17.68, 19.67, -18.51, 0.21, 0.64, 0.80, -0.11, 0.55, -0.12, 117.28, -1.20, 7.16, 1.02, -0.14, -0.20, 0.10, 0.13, 0.06, 112.29, 24.14, 88.89, 0.82, 0.13, 0.87, 0.55, -0.05, 0.41, 10.40, 13.14, -37.07, 0.99, -0.19, -0.24, 0.15, 0.38, 0.09
98.92, -0.28, 22.20, 1.04, 0.02, 0.15, 0.34, -0.05, 0.06, 95.56, -5.02, 23.37, 0.98, -0.14, -0.18, 0.53, -0.25, 0.17, -19.51, 10.68, -25.80, 0.23, 0.63, 0.81, -0.11, 0.55, -0.12, 63.43, -26.29, 17.05, 0.87, -0.18, -0.19, 0.10, 0.13, 0.05, 29.67, 31.63, 53.06, 0.84, 0.24, 0.82, 0.54, -0.06, 0.40, 1.90, 11.33, -29.28, 0.99, -0.25, -0.23, 0.15, 0.38, 0.09
50.08, -5.02, 27.19, 0.98, 0.08, 0.15, 0.34, -0.05, 0.06, 64.95, 3.72, 16.18, 0.99, -0.13, -0.19, 0.53, -0.25, 0.15, -16.31, 0.60, -23.60, 0.21, 0.65, 0.82, -0.11, 0.55, -0.12, 38.56, -8.15, 19.42, 1.01, -0.10, -0.21, 0.10, 0.12, 0.05, 9.50, 27.84, 38.36, 0.92, 0.32, 0.86, 0.53, -0.06, 0.40, -8.15, 7.39, -27.13, 1.00, -0.21, -0.23, 0.15, 0.39, 0.08
32.99, 3.35, 22.56, 0.98, 0.15, 0.20, 0.33, -0.05, 0.05, 45.02, 4.40, 19.76, 1.01, -0.09, -0.19, 0.52, -0.26, 0.15, -15.32, 3.24, -20.71, 0.14, 0.65, 0.82, -0.11, 0.55, -0.12, 36.66, -2.05, 16.37, 1.02, -0.05, -0.22, 0.09, 0.12, 0.04, 12.95, 21.81, 35.40, 0.93, 0.36, 0.86, 0.52, -0.06, 0.40, 3.45, 7.29, -26.42, 0.98, -0.22, -0.24, 0.14, 0.39, 0.09
33.78, -1.09, 17.32, 1.01, 0.13, 0.16, 0.33, -0.05, 0.05, 39.38, -2.30, 14.82, 1.05, -0.09, -0.23, 0.52, -0.26, 0.15, -16.59, 15.21, -18.48, 0.21, 0.67, 0.82, -0.11, 0.55, -0.13, 30.90, -7.58, 11.90, 1.01, -0.07, -0.25, 0.09, 0.12, 0.03, 14.96, 14.70, 30.96, 0.94, 0.35, 0.81, 0.52, -0.05, 0.40, 9.48, 12.04, -15.54, 1.01, -0.29, -0.26, 0.14, 0.39, 0.10
24.98, -4.47, 11.18, 0.98, 0.13, 0.15, 0.33, -0.06, 0.04, 30.03, -1.36, 8.60, 1.01, -0.08, -0.23, 0.52, -0.27, 0.15, -14.00, 8.61, -15.33, 0.28, 0.67, 0.82, -0.11, 0.55, -0.13, 17.19, -3.80, 10.35, 1.03, -0.05, -0.26, 0.09, 0.12, 0.03, 4.27, 10.61, 18.14, 0.95, 0.36, 0.80, 0.52, -0.06, 0.40, -1.04, 4.91, -10.21, 1.01, -0.29, -0.25, 0.13, 0.39, 0.10
10.97, -1.33, 8.01, 0.99, 0.18, 0.17, 0.32, -0.06, 0.04, 19.50, 3.49, 2.21, 1.02, -0.06, -0.20, 0.52, -0.26, 0.15, -17.68, 3.23, -11.08, 0.24, 0.67, 0.84, -0.11, 0.55, -0.12, 12.78, 0.93, 5.89, 1.04, -0.03, -0.24, 0.09, 0.12, 0.03, 2.33, 9.59, 10.93, 0.95, 0.40, 0.80, 0.52, -0.06, 0.40, -0.62, 0.07, -7.66, 1.00, -0.29, -0.26, 0.13, 0.39, 0.09
6.74, 0.10, 4.26, 1.00, 0.16, 0.18, 0.32, -0.05, 0.03, 17.73, 2.73, -0.14, 1.04, -0.05, -0.22, 0.52, -0.26, 0.14, -17.26, 4.10, -5.50, 0.23, 0.69, 0.82, -0.10, 0.55, -0.13, 10.22, -1.53, 1.88, 1.03, -0.03, -0.25, 0.09, 0.12, 0.03, 1.88, 5.03, 6.03, 0.93, 0.38, 0.79, 0.52, -0.07, 0.41, 1.79, 0.39, -3.10, 0.99, -0.28, -0.25, 0.13, 0.39, 0.09
3.60, -2.34, 1.32, 0.97, 0.15, 0.16, 0.32, -0.06, 0.04, 15.10, 1.95, -3.40, 1.00, -0.07, -0.23, 0.52, -0.26, 0.14, -10.50, 2.68, 1.57, 0.26, 0.68, 0.79, -0.11, 0.55, -0.12, 4.28, -2.42, 0.87, 1.01, -0.04, -0.25, 0.09, 0.12, 0.02, -2.03, 3.25, 1.33, 0.92, 0.36, 0.78, 0.51, -0.07, 0.40, -2.26, 0.70, 0.19, 0.99, -0.29, -0.26, 0.13, 0.39, 0.10
-2.54, 0.04, 0.00, 0.96, 0.15, 0.17, 0.32, -0.06, 0.03, 9.99, 5.95, -3.91, 0.99, -0.07, -0.20, 0.51, -0.26, 0.14, -9.18, -2.95, 4.19, 0.24, 0.69, 0.77, -0.11, 0.54, -0.13, 2.60, 3.49, 0.23, 1.00, -0.03, -0.22, 0.09, 0.12, 0.03, -3.67, 5.49, -1.51, 0.89, 0.38, 0.81, 0.51, -0.06, 0.40, -2.95, -4.76, -0.28, 0.97, -0.24, -0.25, 0.13, 0.39, 0.10
-2.40, 2.63, -1.05, 0.96, 0.17, 0.22, 0.32, -0.05, 0.03, 14.45, 7.38, -6.04, 0.99, -0.06, -0.18, 0.52, -0.26, 0.14, -9.40, 1.44, 3.87, 0.22, 0.69, 0.75, -0.11, 0.54, -0.12, 7.75, 1.60, -0.58, 0.99, -0.05, -0.23, 0.09, 0.12, 0.03, -0.11, 5.11, 0.55, 0.89, 0.35, 0.80, 0.51, -0.06, 0.40, 2.16, -3.71, -0.02, 0.96, -0.26, -0.26, 0.13, 0.39, 0.09
-1.22, -0.14, -1.97, 0.94, 0.14, 0.19, 0.32, -0.05, 0.03, 15.41, 5.42, -8.10, 0.99, -0.08, -0.23, 0.51, -0.27, 0.14, -9.13, 1.80, 3.02, 0.25, 0.70, 0.73, -0.11, 0.54, -0.13, 5.07, 1.44, -1.90, 0.96, -0.06, -0.23, 0.09, 0.12, 0.02, -0.96, 6.30, -1.90, 0.89, 0.34, 0.81, 0.50, -0.06, 0.40, -1.83, -3.35, 0.96, 0.96, -0.26, -0.23, 0.13, 0.40, 0.09
-3.06, 2.33, -2.39, 0.94, 0.14, 0.18, 0.32, -0.05, 0.02, 14.32, 7.62, -7.77, 0.95, -0.08, -0.21, 0.52, -0.26, 0.14, -5.89, -1.20, 7.14, 0.23, 0.69, 0.73, -0.11, 0.54, -0.13, 2.97, 3.76, -2.44, 0.96, -0.09, -0.21, 0.09, 0.13, 0.03, -2.21, 8.65, -3.07, 0.89, 0.35, 0.76, 0.51, -0.06, 0.40, -3.66, -5.41, 0.65, 0.94, -0.24, -0.24, 0.13, 0.39, 0.09
-3.27, 1.95, -2.71, 0.93, 0.14, 0.18, 0.32, -0.06, 0.03, 14.02, 6.71, -7.50, 0.95, -0.09, -0.22, 0.52, -0.26, 0.14, -6.33, 1.28, 6.89, 0.20, 0.70, 0.73, -0.11, 0.54, -0.12, 4.70, 0.88, -0.96, 0.96, -0.05, -0.24, 0.09, 0.13, 0.02, -1.17, 3.07, -0.13, 0.89, 0.34, 0.77, 0.52, -0.07, 0.40, 1.04, -3.56, 0.55, 0.95, -0.26, -0.25, 0.13, 0.39, 0.09
-3.64, -0.42, -1.38, 0.96, 0.11, 0.16, 0.32, -0.05, 0.03, 32.70, 27.32, -16.08, 1.09, -0.17, -0.28, 0.52, -0.26, 0.14, -5.59, 1.55, 3.24, 0.20, 0.70, 0.72, -0.11, 0.55, -0.13, 2.82, 1.52, 0.66, 0.94, -0.09, -0.26, 0.09, 0.12, 0.03, -4.91, 8.05, -1.41, 0.86, 0.34, 0.76, 0.52, -0.07, 0.40, -3.95, -0.73, 0.55, 0.94, -0.24, -0.20, 0.12, 0.40, 0.10
-5.53, 0.24, 0.47, 0.93, 0.13, 0.17, 0.32, -0.05, 0.03, 11.36, 6.09, -4.48, 0.95, -0.08, -0.21, 0.52, -0.27, 0.15, -5.32, -0.44, 1.82, 0.21, 0.69, 0.73, -0.11, 0.54, -0.13, 1.35, 0.57, 0.95, 0.95, -0.06, -0.24, 0.09, 0.13, 0.03, -4.83, 3.26, -0.94, 0.89, 0.33, 0.80, 0.51, -0.07, 0.40, -2.60, -1.73, 0.13, 0.96, -0.24, -0.23, 0.13, 0.40, 0.08
-4.80, -0.04, 0.03, 0.94, 0.13, 0.18, 0.32, -0.05, 0.03, 10.36, 5.35, -4.64, 0.97, -0.09, -0.22, 0.52, -0.27, 0.15, -5.47, 0.58, 3.83, 0.21, 0.69, 0.73, -0.11, 0.54, -0.12, 1.91, 0.35, -0.46, 0.96, -0.07, -0.24, 0.09, 0.13, 0.03, -3.64, 3.38, -1.67, 0.90, 0.33, 0.79, 0.51, -0.07, 0.40, -0.40, -2.07, 1.48, 0.95, -0.25, -0.22, 0.13, 0.40, 0.08
-5.92, -1.25, -0.08, 0.95, 0.13, 0.18, 0.32, -0.05, 0.03, 8.77, 2.90, -5.15, 0.96, -0.10, -0.24, 0.53, -0.27, 0.14, -5.64, 2.50, 0.43, 0.21, 0.70, 0.73, -0.12, 0.54, -0.13, 0.70, -1.39, -0.02, 0.96, -0.07, -0.25, 0.09, 0.13, 0.03, -3.91, 1.31, -1.50, 0.89, 0.33, 0.79, 0.51, -0.06, 0.40, 0.23, 0.51, 1.86, 0.97, -0.25, -0.23, 0.12, 0.40, 0.09
-5.71, -1.51, -0.19, 0.93, 0.13, 0.16, 0.33, -0.06, 0.03, 8.26, 4.20, -4.70, 0.96, -0.09, -0.23, 0.52, -0.26, 0.15, -4.74, 1.95, 0.93, 0.22, 0.70, 0.73, -0.11, 0.54, -0.13, 0.93, 0.40, 0.16, 0.96, -0.07, -0.25, 0.09, 0.12, 0.03, -3.81, 2.81, -2.31, 0.90, 0.32, 0.79, 0.51, -0.06, 0.40, -0.70, -1.55, 1.79, 0.97, -0.25, -0.22, 0.13, 0.40, 0.11
-7.33, 0.58, -0.95, 0.94, 0.12, 0.17, 0.33, -0.06, 0.02, 6.86, 6.06, -6.38, 0.97, -0.10, -0.23, 0.52, -0.26, 0.15, -5.05, -0.59, 2.19, 0.21, 0.70, 0.74, -0.11, 0.54, -0.13, -1.89, 2.41, -0.40, 0.97, -0.08, -0.26, 0.09, 0.12, 0.03, -7.76, 2.68, -5.04, 0.91, 0.32, 0.76, 0.52, -0.06, 0.40, -4.10, -3.54, 3.65, 0.98, -0.25, -0.22, 0.13, 0.40, 0.10
-11.41, 0.87, -1.21, 0.93, 0.12, 0.17, 0.33, -0.05, 0.03, 2.64, 6.72, -6.02, 0.96, -0.10, -0.23, 0.52, -0.27, 0.14, -6.12, -3.88, 2.38, 0.21, 0.71, 0.74, -0.11, 0.54, -0.13, -5.27, 3.90, 0.51, 0.97, -0.09, -0.27, 0.09, 0.12, 0.04, -11.64, 2.91, -6.85, 0.92, 0.32, 0.75, 0.52, -0.07, 0.40, -7.97, -2.98, 4.70, 0.98, -0.28, -0.23, 0.13, 0.39, 0.09
-17.58, 3.51, 0.41, 0.94, 0.10, 0.16, 0.33, -0.05, 0.03, -7.34, 11.55, -7.44, 0.97, -0.12, -0.24, 0.53, -0.26, 0.15, -8.39, -13.84, 3.10, 0.28, 0.69, 0.75, -0.12, 0.54, -0.13, -16.26, 14.53, 0.70, 0.96, -0.10, -0.29, 0.09, 0.12, 0.03, -22.18, 7.36, -17.39, 0.94, 0.30, 0.73, 0.52, -0.07, 0.40, -22.08, -8.48, 9.11, 1.03, -0.30, -0.22, 0.13, 0.39, 0.08
-33.62, 16.19, -0.81, 0.94, 0.10, 0.11, 0.33, -0.05, 0.03, -26.71, 28.32, -10.30, 0.98, -0.13, -0.26, 0.53, -0.26, 0.15, -13.61, -34.62, 7.40, 0.24, 0.70, 0.76, -0.12, 0.54, -0.14, -31.77, 34.81, 0.69, 0.98, -0.10, -0.31, 0.09, 0.12, 0.04, -33.97, 15.54, -31.13, 0.97, 0.29, 0.75, 0.52, -0.07, 0.41, -38.00, -23.16, 14.27, 1.03, -0.28, -0.19, 0.13, 0.39, 0.09
-51.05, 26.15, -4.21, 0.95, 0.07, 0.08, 0.33, -0.05, 0.04, -55.78, 41.18, -14.05, 1.01, -0.18, -0.29, 0.52, -0.26, 0.17, -21.29, -54.00, 12.38, 0.22, 0.71, 0.76, -0.13, 0.54, -0.13, -50.27, 53.93, 0.63, 0.98, -0.12, -0.37, 0.10, 0.13, 0.05, -48.16, 15.08, -50.33, 1.00, 0.27, 0.75, 0.52, -0.06, 0.41, -57.17, -31.28, 23.99, 1.07, -0.28, -0.15, 0.13, 0.40, 0.08
-78.12, 33.10, -10.36, 0.96, 0.06, 0.06, 0.32, -0.05, 0.05, -83.74, 58.93, -22.46, 0.97, -0.15, -0.34, 0.53, -0.25, 0.17, -28.05, -71.81, 21.13, 0.18, 0.75, 0.73, -0.13, 0.53, -0.13, -69.00, 57.79, -4.65, 0.92, -0.13, -0.42, 0.09, 0.13, 0.06, -63.02, 25.27, -69.23, 0.99, 0.22, 0.60, 0.53, -0.06, 0.42, -67.54, -37.29, 32.91, 1.05, -0.34, -0.10, 0.14, 0.40, 0.08
-107.76, 46.27, -7.63, 0.86, -0.01, -0.03, 0.32, -0.04, 0.06, -101.12, 86.58, -25.20, 0.89, -0.27, -0.41, 0.52, -0.25, 0.18, -18.98, -112.35, 33.00, 0.18, 0.75, 0.69, -0.15, 0.53, -0.14, -103.42, 85.12, 3.51, 0.85, -0.19, -0.51, 0.09, 0.13, 0.07, -97.05, 52.94, -91.08, 1.06, 0.16, 0.56, 0.54, -0.06, 0.43, -118.78, -60.09, 33.68, 1.08, -0.34, -0.07, 0.15, 0.39, 0.05
-144.46, 81.36, 0.86, 0.90, -0.04, -0.13, 0.32, -0.04, 0.08, -157.88, 127.38, -30.89, 0.98, -0.37, -0.46, 0.52, -0.24, 0.21, -17.11, -160.60, 38.12, -0.02, 0.74, 0.69, -0.17, 0.52, -0.14, -148.89, 123.50, 4.16, 0.93, -0.25, -0.55, 0.09, 0.13, 0.09, -128.51, 56.26, -118.57, 1.13, 0.15, 0.63, 0.55, -0.05, 0.45, -146.42, -78.26, 42.06, 1.00, -0.17, -0.05, 0.16, 0.39, 0.03
-174.95, 83.16, 2.29, 0.95, -0.11, -0.13, 0.32, -0.03, 0.10, -227.03, 120.44, -64.32, 0.94, -0.41, -0.47, 0.52, -0.22, 0.24, -14.39, -169.33, 41.34, -0.16, 0.76, 0.61, -0.19, 0.53, -0.13, -190.37, 132.66, 4.84, 0.88, -0.23, -0.61, 0.07, 0.15, 0.13, -142.62, 39.13, -134.22, 1.05, 0.17, 0.58, 0.57, -0.03, 0.46, -149.02, -73.50, 58.31, 0.96, -0.08, 0.02, 0.17, 0.39, 0.01
-188.65, 86.93, -10.92, 0.81, -0.05, -0.14, 0.31, -0.01, 0.13, -245.00, 112.79, -73.10, 0.78, -0.51, -0.47, 0.51, -0.18, 0.26, -6.53, -173.56, 21.68, -0.30, 0.78, 0.53, -0.22, 0.53, -0.13, -179.18, 114.71, -5.32, 0.80, -0.20, -0.60, 0.05, 0.17, 0.15, -134.00, 43.88, -129.67, 1.02, 0.09, 0.58, 0.58, -0.01, 0.48, -148.65, -65.81, 59.64, 0.91, -0.02, 0.05, 0.17, 0.38, -0.01
-177.59, 68.88, -15.11, 0.81, -0.14, -0.08, 0.30, 0.02, 0.14, -245.00, 84.81, -68.48, 0.73, -0.67, -0.37, 0.50, -0.13, 0.29, 9.96, -159.88, 14.68, -0.33, 0.76, 0.52, -0.24, 0.53, -0.11, -166.91, 90.96, -20.91, 0.84, -0.38, -0.60, 0.04, 0.20, 0.17, -126.56, 19.78, -132.45, 1.03, -0.02, 0.61, 0.58, 0.01, 0.49, -138.71, -54.15, 61.50, 0.94, 0.07, 0.11, 0.18, 0.37, -0.03
-176.95, 49.52, -23.87, 0.84, -0.29, -0.05, 0.29, 0.04, 0.16, -245.00, 9.37, -118.24, 0.88, -0.70, -0.19, 0.50, -0.09, 0.29, 45.43, -151.43, 17.32, -0.34, 0.79, 0.42, -0.25, 0.53, -0.10, -185.88, 5.12, -27.74, 0.66, -0.45, -0.47, 0.03, 0.22, 0.18, -137.34, 13.84, -141.37, 0.92, -0.16, 0.54, 0.59, 0.03, 0.49, -126.78, -57.63, 62.36, 0.97, 0.11, 0.16, 0.19, 0.35, -0.04
-187.40, 50.66, -37.11, 0.57, -0.11, -0.04, 0.29, 0.05, 0.17, -245.00, -19.29, -107.15, 0.59, -0.71, 0.04, 0.49, -0.01, 0.26, 100.82, -175.85, 17.85, -0.38, 0.85, 0.33, -0.27, 0.54, -0.08, -174.22, 85.99, -52.09, 0.64, -0.48, -0.47, 0.03, 0.25, 0.19, -139.15, 33.45, -152.32, 0.97, -0.25, 0.50, 0.61, 0.05, 0.51, -138.64, -84.14, 56.52, 0.96, 0.14, 0.18, 0.19, 0.33, -0.07
-181.98, 84.62, -28.31, 0.65, -0.45, -0.05, 0.29, 0.08, 0.18, -245.00, -38.51, -143.50, 0.61, -0.60, 0.19, 0.48, 0.06, 0.20, 162.84, -189.01, -8.98, -0.54, 0.68, 0.38, -0.29, 0.55, -0.06, -161.25, 116.68, -42.95, 0.60, -0.65, -0.42, 0.02, 0.28, 0.20, -140.63, 67.77, -163.32, 0.93, -0.30, 0.55, 0.61, 0.08, 0.52, -160.59, -114.53, 48.98, 0.87, 0.25, 0.21, 0.19, 0.31, -0.08
-184.33, 109.12, -28.89, 0.67, -0.54, -0.03, 0.27, 0.11, 0.19, -245.00, -44.64, -85.91, 0.52, -0.30, 0.59, 0.47, 0.09, 0.13, 216.07, -188.16, -48.77, -0.78, 0.58, 0.37, -0.31, 0.57, -0.03, -190.37, 123.91, -38.45, 0.38, -0.84, -0.41, -0.00, 0.31, 0.19, -138.07, 68.02, -171.29, 0.81, -0.35, 0.44, 0.60, 0.11, 0.53, -130.65, -126.80, 37.00, 0.86, 0.25, 0.32, 0.18, 0.29, -0.10
-178.67, 120.64, -37.82, 0.51, -0.56, -0.06, 0.26, 0.14, 0.19, -245.00, -80.91, -166.18, 0.47, -0.26, 0.56, 0.45, 0.10, 0.06, 224.45, -199.56, -105.09, -0.75, 0.56, 0.36, -0.32, 0.57, 0.00, -203.72, 157.98, -39.95, 0.39, -0.74, -0.37, -0.02, 0.34, 0.19, -121.38, 109.59, -155.64, 0.85, -0.43, 0.39, 0.60, 0.14, 0.53, -171.50, -150.96, 15.43, 0.85, 0.29, 0.31, 0.17, 0.27, -0.11
-164.36, 143.76, -39.46, 0.47, -0.70, -0.05, 0.24, 0.16, 0.18, -245.00, -88.72, -185.93, 0.34, -0.15, 0.82, 0.41, 0.08, 0.01, 187.88, -221.52, -136.30, -0.97, 0.51, 0.39, -0.33, 0.56, 0.06, -198.70, 168.98, -42.28, 0.42, -0.91, -0.35, -0.05, 0.37, 0.18, -136.39, 126.10, -148.41, 0.83, -0.52, 0.58, 0.58, 0.17, 0.53, -185.46, -152.53, 7.49, 0.64, 0.48, 0.29, 0.15, 0.25, -0.12
-163.25, 139.06, -19.59, 0.57, -0.71, 0.02, 0.22, 0.18, 0.17, -201.43, -100.71, -148.56, 0.27, 0.04, 0.78, 0.38, 0.06, -0.03, 146.12, -173.22, -164.07, -0.99, 0.44, 0.46, -0.34, 0.54, 0.09, -169.66, 119.97, -39.74, 0.41, -0.80, -0.20, -0.07, 0.40, 0.16, -124.14, 88.65, -123.60, 0.68, -0.42, 0.65, 0.56, 0.20, 0.52, -142.22, -120.35, 9.20, 0.58, 0.67, 0.32, 0.13, 0.23, -0.12
-126.36, 96.71, -24.18, 0.37, -0.66, 0.20, 0.21, 0.20, 0.15, -128.58, -94.57, -109.48, 0.11, 0.24, 0.82, 0.35, 0.03, -0.05, 101.48, -119.89, -130.96, -0.82, 0.52, 0.46, -0.34, 0.51, 0.12, -123.99, 92.88, -34.89, 0.31, -0.88, 0.00, -0.09, 0.41, 0.13, -91.79, 75.19, -84.83, 0.60, -0.55, 0.68, 0.54, 0.22, 0.53, -85.68, -97.56, -9.89, 0.54, 0.63, 0.32, 0.12, 0.21, -0.12
-95.61, 77.62, -2.94, 0.44, -0.75, 0.24, 0.20, 0.22, 0.14, -116.86, -49.23, -82.88, 0.05, 0.16, 0.92, 0.34, 0.02, -0.05, 89.92, -81.47, -77.27, -0.75, 0.55, 0.44, -0.33, 0.50, 0.13, -108.55, 58.64, -24.11, 0.29, -0.92, -0.04, -0.10, 0.42, 0.12, -82.41, 53.89, -55.12, 0.55, -0.61, 0.61, 0.53, 0.23, 0.52, -69.28, -59.15, -16.93, 0.55, 0.63, 0.37, 0.11, 0.20, -0.11
-79.03, 61.83, 3.84, 0.36, -0.77, 0.18, 0.19, 0.23, 0.13, -84.90, -37.12, -66.66, 0.02, 0.32, 0.82, 0.32, 0.01, -0.06, 47.60, -55.58, -74.63, -0.73, 0.50, 0.50, -0.33, 0.48, 0.14, -40.96, 56.24, -31.34, 0.30, -0.89, -0.03, -0.11, 0.43, 0.10, -57.54, 45.54, -36.81, 0.59, -0.63, 0.68, 0.52, 0.25, 0.51, -58.97, -39.12, -14.83, 0.59, 0.65, 0.38, 0.10, 0.19, -0.11
-52.79, 49.20, 7.07, 0.43, -0.81, 0.23, 0.18, 0.24, 0.12, -56.91, -11.89, -53.41, 0.13, 0.33, 0.88, 0.31, -0.01, -0.07, 19.38, -47.38, -48.50, -0.66, 0.56, 0.47, -0.32, 0.47, 0.15, -33.18, 41.11, -35.59, 0.31, -0.97, 0.08, -0.12, 0.43, 0.10, -45.53, 40.40, -31.19, 0.59, -0.67, 0.71, 0.51, 0.26, 0.50, -44.00, -28.74, -4.68, 0.60, 0.65, 0.37, 0.10, 0.18, -0.11
-48.29, 37.65, -0.90, 0.44, -0.81, 0.25, 0.18, 0.24, 0.11, -46.63, -10.62, -39.14, 0.07, 0.39, 0.83, 0.31, -0.03, -0.07, 9.06, -48.00, -31.93, -0.58, 0.61, 0.45, -0.32, 0.47, 0.15, -26.07, 22.77, -45.87, 0.24, -0.96, 0.07, -0.12, 0.43, 0.08, -32.89, 28.52, -24.09, 0.56, -0.61, 0.70, 0.50, 0.26, 0.50, -29.40, -29.79, -7.25, 0.59, 0.65, 0.35, 0.10, 0.18, -0.12
-26.33, 25.15, -3.09, 0.38, -0.81, 0.26, 0.18, 0.24, 0.11, -25.56, 9.23, -27.45, 0.07, 0.40, 0.86, 0.31, -0.04, -0.08, 2.77, -51.04, -16.11, -0.69, 0.61, 0.43, -0.31, 0.46, 0.15, -4.68, 29.23, -35.75, 0.19, -1.01, 0.08, -0.12, 0.43, 0.08, -15.34, 21.66, -14.83, 0.58, -0.62, 0.70, 0.50, 0.26, 0.50, -17.52, -20.01, -12.32, 0.58, 0.67, 0.40, 0.09, 0.18, -0.12
-8.99, 19.50, -6.89, 0.37, -0.84, 0.25, 0.17, 0.24, 0.10, -14.24, 23.38, -27.70, 0.08, 0.43, 0.85, 0.31, -0.04, -0.08, 5.47, -42.09, -6.42, -0.74, 0.65, 0.40, -0.31, 0.46, 0.17, 2.80, 18.25, -17.14, 0.14, -0.94, 0.05, -0.13, 0.43, 0.08, -11.23, 16.58, -4.68, 0.60, -0.74, 0.68, 0.50, 0.26, 0.50, -13.29, -11.92, -14.16, 0.60, 0.64, 0.39, 0.09, 0.18, -0.11
-7.81, 10.98, -8.39, 0.40, -0.84, 0.24, 0.16, 0.25, 0.11, 24.88, 19.25, -26.70, 0.20, 0.45, 0.83, 0.31, -0.04, -0.07, -0.25, -26.87, -4.80, -0.70, 0.64, 0.40, -0.31, 0.46, 0.17, 6.25, 22.64, -14.77, 0.19, -1.00, 0.09, -0.13, 0.42, 0.08, -7.92, 8.49, -4.96, 0.57, -0.72, 0.71, 0.50, 0.26, 0.50, -9.56, -8.70, -10.40, 0.62, 0.66, 0.40, 0.09, 0.17, -0.11
-7.92, 6.79, -5.47, 0.39, -0.89, 0.23, 0.17, 0.23, 0.10, 32.19, 8.67, -13.94, 0.11, 0.31, 0.98, 0.31, -0.04, -0.09, -2.92, -23.02, 2.30, -0.74, 0.64, 0.37, -0.30, 0.46, 0.17, -1.70, 9.66, -19.37, 0.11, -1.02, -0.01, -0.13, 0.42, 0.08, -4.45, 4.67, -8.56, 0.59, -0.77, 0.63, 0.49, 0.27, 0.50, 0.16, -5.63, -7.82, 0.62, 0.60, 0.44, 0.09, 0.17, -0.11
-7.15, 1.82, 4.31, 0.35, -0.94, 0.15, 0.17, 0.24, 0.11, 11.01, 15.96, -16.43, 0.12, 0.33, 0.95, 0.31, -0.04, -0.08, 2.70, -16.31, -0.79, -0.78, 0.65, 0.39, -0.29, 0.46, 0.18, 2.97, 20.88, 2.73, 0.16, -1.08, 0.01, -0.14, 0.42, 0.07, -14.20, 2.56, -3.80, 0.62, -0.74, 0.67, 0.49, 0.27, 0.49, -13.56, -1.41, -9.85, 0.66, 0.62, 0.43, 0.09, 0.17, -0.11
-10.03, -3.38, -2.65, 0.36, -0.76, 0.22, 0.17, 0.24, 0.10, 9.92, 20.93, -18.49, 0.26, 0.37, 0.93, 0.32, -0.04, -0.08, 2.86, -11.44, -2.93, -0.77, 0.61, 0.39, -0.29, 0.45, 0.19, 0.51, 20.92, 6.20, 0.19, -1.04, 0.04, -0.13, 0.42, 0.07, -12.39, 7.65, -4.84, 0.64, -0.73, 0.68, 0.50, 0.26, 0.50, -4.92, -4.28, -9.12, 0.67, 0.66, 0.42, 0.09, 0.18, -0.11
-9.89, 4.24, -1.11, 0.40, -0.92, 0.24, 0.16, 0.25, 0.10, 14.81, 15.64, -11.12, 0.19, 0.31, 0.96, 0.32, -0.04, -0.08, 0.42, -3.79, 5.85, -0.75, 0.64, 0.39, -0.29, 0.45, 0.19, 0.00, 9.93, 5.97, 0.15, -1.01, 0.02, -0.14, 0.42, 0.08, -9.97, 3.39, 0.52, 0.62, -0.74, 0.67, 0.49, 0.26, 0.50, -0.66, -2.19, -5.57, 0.65, 0.61, 0.38, 0.09, 0.17, -0.11
-14.52, -3.02, -1.44, 0.40, -0.89, 0.20, 0.17, 0.24, 0.10, 8.83, 16.43, -7.91, 0.23, 0.35, 0.90, 0.32, -0.04, -0.08, -2.14, 1.02, 1.37, -0.72, 0.62, 0.38, -0.30, 0.45, 0.18, -2.94, 5.09, 6.78, 0.17, -1.00, 0.05, -0.13, 0.42, 0.07, -7.21, -0.21, -3.31, 0.59, -0.72, 0.69, 0.49, 0.26, 0.49, -5.50, 2.18, -2.72, 0.66, 0.64, 0.38, 0.08, 0.17, -0.10
-12.77, -4.61, -4.28, 0.41, -0.86, 0.25, 0.17, 0.25, 0.10, 9.18, 13.01, -2.18, 0.25, 0.39, 0.88, 0.32, -0.04, -0.09, -6.56, 2.67, 3.57, -0.72, 0.63, 0.38, -0.30, 0.45, 0.18, 0.40, -0.34, 7.36, 0.15, -1.03, 0.09, -0.13, 0.42, 0.07, -5.05, -2.24, -3.88, 0.56, -0.72, 0.68, 0.49, 0.26, 0.49, 5.33, 2.94, 1.04, 0.65, 0.63, 0.37, 0.09, 0.17, -0.10
-7.62, -14.69, -15.62, 0.35, -1.00, 0.28, 0.17, 0.25, 0.10, 5.17, 4.46, -1.97, 0.19, 0.37, 0.90, 0.32, -0.04, -0.08, -4.72, 1.68, 0.55, -0.71, 0.66, 0.36, -0.30, 0.45, 0.17, -3.92, 2.15, 4.92, 0.12, -1.01, 0.08, -0.14, 0.42, 0.06, -8.34, -2.35, -9.10, 0.52, -0.72, 0.68, 0.49, 0.27, 0.49, -5.65, -1.41, 1.35, 0.61, 0.63, 0.37, 0.09, 0.16, -0.11
-11.04, -1.64, 2.79, 0.33, -0.90, 0.26, 0.17, 0.24, 0.09, 4.94, 5.58, -3.57, 0.19, 0.38, 0.88, 0.32, -0.04, -0.08, -2.15, 3.99, -1.66, -0.69, 0.65, 0.35, -0.29, 0.45, 0.18, -4.81, 3.56, 5.79, 0.15, -0.98, 0.08, -0.14, 0.42, 0.07, -8.28, -0.61, -3.45, 0.55, -0.70, 0.71, 0.49, 0.26, 0.49, -2.24, 0.81, -0.44, 0.62, 0.65, 0.37, 0.09, 0.17, -0.12
-2.09, -5.07, -2.85, 0.35, -0.88, 0.27, 0.18, 0.24, 0.10, 10.55, 5.79, -2.51, 0.17, 0.39, 0.86, 0.32, -0.04, -0.08, -4.25, 2.21, 1.64, -0.71, 0.64, 0.36, -0.29, 0.45, 0.18, -0.97, -1.36, 2.54, 0.12, -0.97, 0.08, -0.14, 0.42, 0.07, -6.47, -3.96, -3.42, 0.53, -0.71, 0.71, 0.49, 0.27, 0.49, -0.04, 2.06, -0.38, 0.61, 0.64, 0.36, 0.09, 0.17, -0.10
-4.42, -5.03, 1.44, 0.33, -0.89, 0.30, 0.17, 0.24, 0.09, 17.21, 7.99, -3.04, 0.16, 0.35, 0.90, 0.32, -0.04, -0.08, -2.97, 5.88, 4.29, -0.68, 0.67, 0.35, -0.29, 0.45, 0.17, 2.09, 0.90, 6.33, 0.14, -1.00, 0.10, -0.14, 0.42, 0.05, -6.77, -0.43, 0.05, 0.54, -0.74, 0.70, 0.49, 0.26, 0.49, 1.19, 1.67, -0.70, 0.61, 0.64, 0.36, 0.09, 0.17, -0.10
-4.79, -3.99, 2.13, 0.34, -0.88, 0.31, 0.17, 0.24, 0.10, 7.84, 7.92, -2.43, 0.19, 0.35, 0.90, 0.32, -0.04, -0.08, -2.34, 8.49, 2.61, -0.70, 0.66, 0.36, -0.30, 0.45, 0.17, 1.11, -3.03, 8.73, 0.13, -1.00, 0.09, -0.14, 0.43, 0.06, -8.66, -1.96, 1.79, 0.54, -0.74, 0.68, 0.49, 0.26, 0.49, 0.93, 4.37, -0.46, 0.63, 0.63, 0.37, 0.09, 0.17, -0.11
-5.48, -3.24, 4.67, 0.33, -0.89, 0.27, 0.17, 0.24, 0.09, 5.06, 4.64, -2.00, 0.21, 0.37, 0.87, 0.32, -0.03, -0.08, -1.75, 6.83, 1.21, -0.68, 0.64, 0.36, -0.30, 0.45, 0.18, -2.35, 0.45, 6.68, 0.16, -0.98, 0.08, -0.13, 0.42, 0.06, -8.57, 1.39, -1.02, 0.54, -0.72, 0.71, 0.49, 0.26, 0.49, -1.63, 0.23, -0.53, 0.62, 0.66, 0.37, 0.09, 0.17, -0.11
-4.83, -3.25, 2.12, 0.35, -0.88, 0.29, 0.17, 0.24, 0.10, 13.31, 3.20, -0.61, 0.18, 0.38, 0.87, 0.32, -0.04, -0.08, -3.99, 5.43, 3.44, -0.69, 0.66, 0.36, -0.30, 0.45, 0.18, 1.98, -4.67, 4.26, 0.14, -1.00, 0.10, -0.13, 0.43, 0.06, -6.22, 0.99, 3.19, 0.54, -0.75, 0.71, 0.49, 0.27, 0.49, 5.04, 1.35, 0.78, 0.62, 0.63, 0.37, 0.09, 0.17, -0.12
-6.22, -4.51, 2.46, 0.32, -0.90, 0.29, 0.17, 0.25, 0.10, 12.93, 3.34, -2.52, 0.18, 0.36, 0.91, 0.32, -0.03, -0.08, -5.07, 3.49, 0.70, -0.70, 0.66, 0.34, -0.30, 0.45, 0.18, -1.65, -4.19, 5.76, 0.13, -0.99, 0.09, -0.13, 0.42, 0.06, -8.55, 0.56, -1.65, 0.54, -0.74, 0.71, 0.49, 0.27, 0.49, -3.72, 2.03, 0.93, 0.61, 0.65, 0.38, 0.09, 0.17, -0.11
-7.86, -2.67, 1.42, 0.33, -0.88, 0.27, 0.17, 0.24, 0.10, 9.87, 4.21, -3.21, 0.19, 0.35, 0.90, 0.32, -0.04, -0.08, -4.20, 5.57, -0.49, -0.70, 0.64, 0.35, -0.30, 0.45, 0.18, -1.78, -3.25, 5.07, 0.13, -0.99, 0.09, -0.13, 0.43, 0.06, -6.89, -2.43, -1.40, 0.53, -0.74, 0.72, 0.49, 0.27, 0.49, 0.96, 2.51, 2.52, 0.62, 0.65, 0.38, 0.09, 0.17, -0.11
-5.47, -4.40, 1.96, 0.32, -0.89, 0.28, 0.18, 0.24, 0.10, 11.93, 5.94, -1.99, 0.19, 0.37, 0.89, 0.32, -0.04, -0.08, -3.69, 4.70, 0.49, -0.68, 0.67, 0.34, -0.30, 0.45, 0.18, 1.65, -1.02, 3.45, 0.14, -0.99, 0.12, -0.13, 0.43, 0.06, -4.46, 0.31, -1.94, 0.51, -0.75, 0.74, 0.49, 0.27, 0.48, -0.20, -0.34, 1.17, 0.60, 0.66, 0.37, 0.09, 0.17, -0.11
-4.12, -3.24, 0.52, 0.31, -0.89, 0.32, 0.18, 0.24, 0.10, 13.41, 3.11, -2.57, 0.15, 0.38, 0.88, 0.32, -0.04, -0.08, -3.20, 4.44, 3.03, -0.68, 0.66, 0.35, -0.30, 0.45, 0.18, 3.22, -1.35, 2.74, 0.13, -0.96, 0.12, -0.13, 0.43, 0.06, -2.66, -0.50, 0.22, 0.50, -0.73, 0.70, 0.49, 0.27, 0.49, 3.17, 0.55, -0.46, 0.61, 0.65, 0.36, 0.09, 0.17, -0.11
-3.36, -5.26, 1.31, 0.30, -0.90, 0.32, 0.17, 0.25, 0.10, 13.51, 7.06, -5.53, 0.19, 0.33, 0.90, 0.32, -0.04, -0.08, -2.54, 1.74, 3.27, -0.68, 0.65, 0.35, -0.30, 0.46, 0.18, 3.12, 1.73, 4.19, 0.16, -0.98, 0.10, -0.13, 0.43, 0.06, -3.59, 2.67, -0.84, 0.53, -0.70, 0.71, 0.50, 0.26, 0.49, -1.58, -0.15, -0.90, 0.60, 0.64, 0.37, 0.09, 0.17, -0.11
-2.75, -3.28, 1.12, 0.34, -0.87, 0.27, 0.18, 0.24, 0.11, 12.25, 8.22, -1.41, 0.19, 0.35, 0.89, 0.32, -0.03, -0.08, -3.50, 6.39, 4.58, -0.71, 0.64, 0.36, -0.30, 0.45, 0.18, 5.70, -3.19, 5.91, 0.16, -0.99, 0.10, -0.13, 0.42, 0.07, -1.08, -0.19, 3.81, 0.52, -0.74, 0.69, 0.49, 0.26, 0.49, 5.75, 3.34, -0.16, 0.62, 0.63, 0.37, 0.09, 0.17, -0.10
-1.16, -5.59, 1.89, 0.32, -0.90, 0.27, 0.18, 0.24, 0.10, 13.01, 7.39, -1.76, 0.19, 0.34, 0.89, 0.32, -0.04, -0.08, -2.95, 5.66, 3.79, -0.69, 0.65, 0.35, -0.30, 0.45, 0.18, 4.37, -1.62, 3.04, 0.16, -1.00, 0.09, -0.13, 0.42, 0.07, -4.48, 1.53, 1.29, 0.53, -0.74, 0.71, 0.49, 0.26, 0.49, -0.52, 1.61, -1.32, 0.62, 0.64, 0.37, 0.09, 0.17, -0.10
-3.51, -3.13, 3.33, 0.34, -0.88, 0.30, 0.17, 0.25, 0.10, 12.14, 7.85, -2.80, 0.19, 0.34, 0.90, 0.32, -0.04, -0.08, -2.66, 5.53, 4.44, -0.71, 0.64, 0.37, -0.30, 0.46, 0.18, 5.35, -0.92, 7.93, 0.16, -0.98, 0.09, -0.13, 0.42, 0.07, -2.73, 0.08, 4.48, 0.54, -0.72, 0.73, 0.49, 0.27, 0.49, 5.67, 2.38, -2.12, 0.62, 0.64, 0.37, 0.09, 0.17, -0.11
-0.96, -7.38, 4.40, 0.35, -0.89, 0.28, 0.18, 0.24, 0.11, 15.23, 10.84, -0.52, 0.20, 0.33, 0.90, 0.33, -0.04, -0.08, -3.32, 9.91, 6.62, -0.71, 0.64, 0.38, -0.30, 0.46, 0.18, 6.24, -4.16, 8.63, 0.18, -0.99, 0.11, -0.13, 0.42, 0.06, -3.19, -2.74, 7.16, 0.53, -0.73, 0.74, 0.49, 0.27, 0.49, 4.52, 6.52, -3.36, 0.62, 0.65, 0.36, 0.10, 0.17, -0.12
-0.38, -9.63, 6.00, 0.34, -0.89, 0.28, 0.18, 0.24, 0.11, 18.59, 12.22, 1.32, 0.20, 0.35, 0.90, 0.32, -0.03, -0.08, -4.98, 12.76, 8.66, -0.70, 0.64, 0.38, -0.30, 0.46, 0.18, 6.15, -7.13, 11.44, 0.19, -0.99, 0.10, -0.13, 0.42, 0.07, -2.93, -3.11, 11.39, 0.53, -0.73, 0.76, 0.49, 0.27, 0.49, 8.45, 10.01, -3.49, 0.62, 0.66, 0.37, 0.09, 0.17, -0.10
2.50, -11.84, 9.20, 0.35, -0.89, 0.29, 0.18, 0.24, 0.11, 20.43, 14.53, 3.89, 0.23, 0.35, 0.90, 0.32, -0.03, -0.08, -7.46, 15.72, 11.94, -0.71, 0.64, 0.39, -0.31, 0.46, 0.17, -10.36, -34.33, 18.50, 0.14, -0.90, 0.04, -0.13, 0.42, 0.07, 1.34, -7.84, 19.61, 0.47, -0.81, 0.68, 0.50, 0.26, 0.49, 10.68, 11.19, -2.79, 0.66, 0.62, 0.38, 0.10, 0.17, -0.10
3.85, -12.96, 9.28, 0.40, -0.88, 0.24, 0.17, 0.25, 0.11, 20.61, 12.23, 4.83, 0.24, 0.33, 0.90, 0.32, -0.03, -0.08, -10.32, 13.86, 10.34, -0.73, 0.62, 0.40, -0.31, 0.46, 0.17, -3.01, -22.53, 12.30, 0.20, -1.01, 0.08, -0.13, 0.43, 0.07, -0.80, -5.17, 11.28, 0.58, -0.73, 0.72, 0.50, 0.26, 0.50, 7.59, 9.24, -0.55, 0.68, 0.63, 0.39, 0.10, 0.18, -0.10
2.12, -12.28, 5.51, 0.37, -0.91, 0.24, 0.18, 0.24, 0.11, 25.93, 7.19, 3.45, 0.26, 0.31, 0.91, 0.33, -0.03, -0.08, -11.79, 11.32, 5.47, -0.73, 0.63, 0.40, -0.31, 0.46, 0.18, -8.10, -22.00, 6.09, 0.20, -1.02, 0.08, -0.12, 0.43, 0.07, -1.55, -3.55, 2.42, 0.60, -0.75, 0.71, 0.50, 0.26, 0.49, 2.44, 3.84, 3.58, 0.67, 0.61, 0.39, 0.10, 0.17, -0.11
-3.63, -10.50, 1.06, 0.39, -0.89, 0.24, 0.18, 0.24, 0.11, 29.90, 5.39, 1.83, 0.23, 0.29, 0.93, 0.33, -0.02, -0.08, -11.77, 17.43, 3.42, -0.74, 0.63, 0.41, -0.31, 0.46, 0.17, -14.60, -25.05, 8.99, 0.22, -1.01, 0.12, -0.12, 0.43, 0.07, -3.36, -5.87, 1.94, 0.57, -0.71, 0.74, 0.50, 0.26, 0.49, 4.28, 4.49, 4.49, 0.65, 0.63, 0.37, 0.10, 0.18, -0.12
-3.26, -12.24, 2.15, 0.41, -0.87, 0.27, 0.18, 0.24, 0.11, 21.97, 10.66, 6.53, 0.23, 0.27, 0.94, 0.33, -0.02, -0.08, -12.68, 25.38, 8.12, -0.74, 0.61, 0.42, -0.30, 0.46, 0.17, -19.26, -33.30, 16.52, 0.25, -1.00, 0.14, -0.12, 0.43, 0.07, 1.36, -12.48, 10.54, 0.56, -0.68, 0.76, 0.50, 0.26, 0.50, 11.45, 14.08, 3.20, 0.62, 0.65, 0.36, 0.10, 0.17, -0.11
5.38, -22.83, 6.03, 0.40, -0.86, 0.26, 0.19, 0.23, 0.11, 21.75, 20.43, 16.76, 0.21, 0.31, 0.91, 0.33, -0.02, -0.08, -16.11, 32.55, 19.25, -0.74, 0.62, 0.41, -0.31, 0.47, 0.16, -15.45, -47.95, 25.95, 0.22, -0.96, 0.16, -0.11, 0.44, 0.07, 7.67, -18.36, 25.19, 0.56, -0.69, 0.75, 0.50, 0.26, 0.49, 25.24, 27.81, 0.63, 0.62, 0.65, 0.37, 0.10, 0.18, -0.11
15.66, -33.68, 13.46, 0.35, -0.87, 0.24, 0.19, 0.24, 0.12, 31.28, 30.35, 20.19, 0.23, 0.27, 0.90, 0.34, -0.01, -0.08, -17.01, 39.28, 27.02, -0.70, 0.62, 0.39, -0.31, 0.47, 0.16, -16.19, -53.55, 22.11, 0.21, -0.99, 0.15, -0.11, 0.44, 0.07, 8.72, -14.15, 26.39, 0.59, -0.73, 0.71, 0.51, 0.26, 0.49, 24.91, 31.69, 0.39, 0.68, 0.57, 0.39, 0.10, 0.18, -0.11
14.49, -25.65, 10.11, 0.41, -0.85, 0.23, 0.20, 0.23, 0.12, 44.23, 26.56, 15.89, 0.25, 0.25, 0.90, 0.34, -0.01, -0.07, -18.29, 45.10, 27.24, -0.79, 0.56, 0.45, -0.31, 0.47, 0.16, -28.54, -54.56, 17.68, 0.14, -0.96, 0.18, -0.10, 0.44, 0.08, 13.34, -21.42, 31.87, 0.59, -0.62, 0.79, 0.51, 0.26, 0.49, 29.88, 28.50, -1.39, 0.61, 0.67, 0.36, 0.11, 0.18, -0.12
28.99, -45.18, 19.31, 0.48, -0.76, 0.32, 0.19, 0.24, 0.12, 67.88, 48.69, 42.32, 0.16, 0.28, 0.92, 0.34, -0.00, -0.08, -25.41, 71.64, 59.46, -0.86, 0.53, 0.47, -0.32, 0.48, 0.15, -4.55, -80.84, 51.90, 0.33, -0.87, 0.26, -0.09, 0.44, 0.08, 36.97, -50.07, 89.79, 0.53, -0.51, 0.84, 0.52, 0.26, 0.50, 85.33, 64.52, -17.22, 0.53, 0.73, 0.26, 0.11, 0.19, -0.12
69.83, -98.28, 46.77, 0.45, -0.82, 0.27, 0.20, 0.24, 0.13, 89.39, 90.68, 69.86, 0.34, 0.26, 0.83, 0.35, 0.01, -0.07, -35.31, 114.14, 93.10, -0.68, 0.59, 0.43, -0.33, 0.49, 0.13, 12.67, -102.93, 64.57, 0.25, -0.92, 0.23, -0.08, 0.45, 0.08, 46.45, -53.02, 101.54, 0.67, -0.65, 0.69, 0.53, 0.26, 0.49, 106.46, 92.96, -18.73, 0.77, 0.45, 0.29, 0.13, 0.21, -0.13
66.89, -82.35, 36.70, 0.27, -0.84, 0.24, 0.22, 0.22, 0.15, 95.01, 50.93, 39.01, 0.17, 0.20, 0.74, 0.37, 0.02, -0.06, -110.81, 105.00, 94.87, -0.80, 0.75, 0.37, -0.34, 0.50, 0.12, 69.10, -48.18, 87.43, 0.55, -0.84, 0.16, -0.07, 0.45, 0.09, 45.94, -49.80, 97.59, 0.69, -0.41, 0.83, 0.54, 0.25, 0.49, 78.80, 78.18, -17.76, 0.66, 0.64, 0.29, 0.13, 0.21, -0.12
92.05, -97.06, 45.42, 0.62, -0.67, 0.29, 0.23, 0.21, 0.15, 168.38, 89.03, 89.64, 0.36, 0.25, 0.75, 0.39, 0.04, -0.06, -72.28, 110.67, 120.29, -0.83, 0.47, 0.55, -0.34, 0.52, 0.11, 103.05, -90.28, 120.09, 0.41, -0.77, 0.27, -0.05, 0.46, 0.10, 81.39, -75.84, 150.53, 0.68, -0.35, 0.83, 0.56, 0.22, 0.50, 162.95, 104.32, -24.91, 0.68, 0.60, 0.22, 0.15, 0.22, -0.12
133.06, -144.89, 62.78, 0.56, -0.65, 0.25, 0.25, 0.20, 0.17, 207.36, 123.62, 128.14, 0.45, 0.11, 0.71, 0.42, 0.06, -0.02, -83.96, 150.59, 147.73, -0.68, 0.55, 0.50, -0.34, 0.54, 0.09, 119.74, -94.46, 150.66, 0.45, -0.85, 0.17, -0.03, 0.45, 0.12, 89.81, -71.61, 164.74, 0.82, -0.46, 0.61, 0.58, 0.20, 0.51, 164.62, 131.33, -28.70, 0.87, 0.24, 0.14, 0.16, 0.25, -0.12
127.02, -125.61, 62.38, 0.62, -0.70, 0.11, 0.26, 0.19, 0.18, 205.95, 119.06, 116.47, 0.67, 0.01, 0.62, 0.43, 0.07, -0.01, -70.63, 134.75, 129.12, -0.62, 0.48, 0.58, -0.33, 0.56, 0.05, 117.07, -70.41, 138.13, 0.62, -0.78, 0.05, -0.00, 0.44, 0.13, 82.07, -59.84, 145.43, 0.88, -0.38, 0.70, 0.60, 0.17, 0.51, 134.55, 113.06, -25.28, 0.91, 0.27, 0.21, 0.18, 0.27, -0.10
116.88, -112.55, 53.25, 0.72, -0.58, 0.12, 0.29, 0.17, 0.19, 243.58, 91.34, 105.54, 0.80, -0.07, 0.50, 0.47, 0.08, 0.03, -68.38, 126.84, 109.28, -0.63, 0.39, 0.67, -0.32, 0.58, 0.04, 129.94, -61.05, 126.36, 0.71, -0.73, 0.03, 0.02, 0.42, 0.14, 88.93, -57.18, 131.70, 0.91, -0.30, 0.73, 0.61, 0.15, 0.51, 135.26, 89.07, -12.68, 0.94, 0.24, 0.15, 0.19, 0.28, -0.09
116.53, -108.08, 40.46, 0.76, -0.51, 0.14, 0.30, 0.14, 0.18, 244.96, 63.63, 103.20, 0.79, -0.19, 0.43, 0.48, 0.09, 0.08, -71.75, 124.11, 105.44, -0.64, 0.38, 0.72, -0.31, 0.59, 0.01, 147.65, -52.60, 123.64, 0.71, -0.60, -0.03, 0.04, 0.40, 0.15, 93.73, -54.86, 129.13, 0.89, -0.21, 0.71, 0.61, 0.13, 0.51, 139.65, 75.00, -18.62, 0.91, 0.18, 0.09, 0.19, 0.30, -0.09
120.15, -102.42, 47.82, 0.79, -0.49, 0.15, 0.32, 0.12, 0.17, 244.96, 51.88, 101.39, 0.77, -0.37, 0.30, 0.50, 0.08, 0.13, -79.90, 130.68, 95.66, -0.58, 0.39, 0.73, -0.30, 0.60, -0.02, 162.19, -48.20, 114.63, 0.78, -0.56, -0.10, 0.05, 0.37, 0.18, 94.21, -48.73, 130.67, 0.91, -0.17, 0.74, 0.62, 0.10, 0.50, 125.72, 74.35, -23.41, 0.93, 0.17, 0.05, 0.20, 0.31, -0.08
117.05, -97.88, 43.04, 0.79, -0.43, 0.15, 0.33, 0.10, 0.17, 244.96, 42.80, 109.69, 0.90, -0.43, 0.28, 0.51, 0.06, 0.19, -89.48, 134.59, 80.64, -0.54, 0.39, 0.75, -0.29, 0.60, -0.04, 184.92, -41.29, 96.41, 0.79, -0.47, -0.19, 0.07, 0.34, 0.18, 95.19, -41.13, 121.62, 0.97, -0.15, 0.73, 0.63, 0.08, 0.50, 130.54, 81.76, -16.45, 0.98, 0.12, 0.07, 0.20, 0.34, -0.06
112.81, -82.36, 38.15, 0.82, -0.41, 0.16, 0.33, 0.09, 0.18, 244.96, 23.35, 63.30, 0.85, -0.41, 0.08, 0.52, 0.02, 0.23, -88.31, 135.80, 62.28, -0.51, 0.43, 0.77, -0.27, 0.60, -0.05, 178.05, -57.06, 42.29, 0.85, -0.38, -0.30, 0.07, 0.31, 0.17, 90.42, -42.77, 100.25, 0.94, -0.08, 0.73, 0.62, 0.06, 0.48, 114.69, 73.41, -9.37, 0.97, 0.10, 0.06, 0.20, 0.33, -0.03
107.20, -77.29, 33.51, 0.86, -0.35, 0.15, 0.34, 0.06, 0.17, 244.96, -32.88, 67.36, 0.96, -0.68, 0.08, 0.53, -0.03, 0.26, -105.51, 140.81, 39.80, -0.48, 0.41, 0.82, -0.26, 0.60, -0.08, 219.45, -112.73, -32.25, 0.88, -0.55, -0.29, 0.08, 0.28, 0.18, 94.15, -47.79, 101.95, 0.96, -0.07, 0.80, 0.62, 0.04, 0.47, 120.83, 68.55, -6.27, 0.92, 0.12, -0.02, 0.20, 0.34, -0.01
109.69, -84.50, 31.93, 0.88, -0.30, 0.20, 0.35, 0.05, 0.15, 244.96, -55.00, 80.44, 0.82, -0.47, 0.00, 0.53, -0.06, 0.27, -109.07, 154.25, 29.02, -0.42, 0.53, 0.73, -0.24, 0.59, -0.09, 244.96, -146.55, -13.26, 0.74, -0.65, -0.12, 0.10, 0.25, 0.16, 103.40, -52.23, 113.27, 0.88, -0.03, 0.78, 0.62, 0.02, 0.46, 123.92, 84.46, -11.90, 0.99, 0.13, -0.08, 0.20, 0.36, 0.00
121.96, -96.44, 21.32, 0.79, -0.31, 0.21, 0.36, 0.03, 0.13, 244.94, -62.40, 67.19, 0.79, -0.53, 0.09, 0.55, -0.11, 0.27, -86.44, 159.29, 38.72, -0.18, 0.61, 0.69, -0.22, 0.58, -0.11, 190.74, -102.78, 25.61, 0.76, -0.53, -0.14, 0.12, 0.22, 0.13, 88.74, -31.09, 97.64, 0.84, -0.18, 0.77, 0.61, -0.00, 0.45, 113.38, 76.66, -29.05, 1.02, 0.05, -0.05, 0.20, 0.36, 0.02
101.04, -69.24, 17.06, 0.88, -0.32, 0.25, 0.37, 0.02, 0.12, 244.70, -44.20, 49.17, 0.88, -0.37, -0.05, 0.55, -0.15, 0.26, -76.39, 141.91, 44.34, -0.22, 0.64, 0.70, -0.20, 0.57, -0.12, 183.07, -68.36, 29.50, 0.80, -0.47, -0.16, 0.12, 0.20, 0.12, 68.55, -23.36, 87.39, 0.86, 0.02, 0.84, 0.60, -0.01, 0.44, 104.26, 47.81, -45.42, 0.95, 0.02, -0.11, 0.19, 0.36, 0.04
104.02, -56.93, 43.34, 0.84, -0.24, 0.32, 0.36, 0.02, 0.11, 244.36, -38.09, 47.74, 1.00, -0.21, 0.03, 0.55, -0.18, 0.24, -61.78, 134.52, 31.05, -0.03, 0.72, 0.65, -0.17, 0.56, -0.13, 168.58, -39.46, 29.59, 0.96, -0.41, -0.01, 0.13, 0.18, 0.11, 55.16, -13.59, 90.14, 0.80, 0.12, 0.79, 0.59, -0.03, 0.43, 70.42, 34.63, -64.55, 1.00, -0.04, -0.15, 0.18, 0.37, 0.05
96.68, -30.95, 63.41, 0.85, -0.20, 0.23, 0.37, -0.01, 0.10, 212.04, -10.47, 46.23, 0.85, -0.41, -0.01, 0.55, -0.21, 0.22, -35.25, 119.23, 23.70, -0.02, 0.71, 0.64, -0.16, 0.56, -0.13, 140.11, -25.43, 55.36, 0.86, -0.35, -0.15, 0.12, 0.17, 0.09, 42.06, 12.33, 100.65, 0.87, 0.05, 0.82, 0.58, -0.04, 0.43, 83.44, 25.83, -75.61, 0.98, -0.05, -0.15, 0.17, 0.38, 0.06
91.89, -14.53, 54.56, 0.97, -0.14, 0.35, 0.36, -0.02, 0.08, 178.60, -7.91, 29.20, 1.00, -0.22, -0.24, 0.54, -0.23, 0.20, -25.79, 110.58, 7.52, -0.01, 0.63, 0.77, -0.14, 0.56, -0.13, 123.13, -18.01, 43.25, 1.02, -0.29, -0.23, 0.12, 0.15, 0.07, 43.33, -4.03, 94.52, 0.97, 0.14, 0.88, 0.57, -0.04, 0.43, 76.43, 24.29, -56.59, 0.92, -0.13, -0.22, 0.17, 0.38, 0.08
88.28, -37.37, 47.93, 0.98, -0.09, 0.24, 0.36, -0.03, 0.07, 162.71, -41.61, 13.98, 1.01, -0.16, -0.19, 0.54, -0.24, 0.19, -15.07, 98.54, -12.16, 0.27, 0.68, 0.76, -0.12, 0.55, -0.13, 108.27, -30.27, 34.95, 0.92, -0.27, -0.20, 0.12, 0.14, 0.05, 43.22, 9.28, 88.30, 0.88, 0.18, 0.82, 0.56, -0.05, 0.42, 65.64, 28.29, -41.83, 1.08, -0.21, -0.25, 0.15, 0.38, 0.09
82.11, -9.11, 40.29, 0.97, -0.01, 0.28, 0.35, -0.03, 0.06, 124.24, -6.15, 10.43, 0.94, -0.17, -0.15, 0.53, -0.24, 0.16, -5.76, 65.35, -7.78, 0.19, 0.66, 0.81, -0.12, 0.55, -0.13, 88.71, 1.62, 30.02, 1.08, -0.13, -0.31, 0.11, 0.14, 0.05, 40.02, 36.80, 71.61, 0.92, 0.25, 0.83, 0.55, -0.05, 0.41, 40.26, 2.36, -50.20, 0.99, -0.21, -0.23, 0.15, 0.39, 0.10
74.27, 9.39, 36.91, 1.01, -0.02, 0.30, 0.34, -0.03, 0.06, 87.15, -13.60, 18.95, 0.99, -0.19, -0.22, 0.53, -0.25, 0.15, -5.73, 58.63, -14.39, 0.14, 0.66, 0.77, -0.11, 0.55, -0.12, 78.56, -15.27, 23.30, 0.98, -0.17, -0.25, 0.11, 0.14, 0.03, 38.89, 38.61, 73.46, 0.95, 0.24, 0.80, 0.55, -0.06, 0.41, 35.97, 4.27, -48.70, 0.97, -0.20, -0.24, 0.14, 0.39, 0.10
67.73, 7.78, 32.81, 0.99, 0.02, 0.19, 0.34, -0.04, 0.06, 81.88, -11.67, 16.22, 0.99, -0.23, -0.24, 0.53, -0.25, 0.13, -5.74, 50.36, -22.54, 0.27, 0.64, 0.77, -0.10, 0.55, -0.12, 63.83, -18.49, 18.94, 0.92, -0.15, -0.25, 0.11, 0.13, 0.03, 31.37, 29.44, 59.33, 0.94, 0.26, 0.78, 0.53, -0.06, 0.41, 27.36, 11.22, -33.00, 0.96, -0.25, -0.25, 0.13, 0.39, 0.10
51.55, 1.84, 26.18, 1.00, 0.04, 0.25, 0.34, -0.04, 0.04, 58.15, -10.74, 13.47, 0.99, -0.13, -0.23, 0.53, -0.26, 0.13, -2.64, 36.97, -23.31, 0.23, 0.63, 0.84, -0.09, 0.56, -0.12, 46.95, -17.08, 16.62, 0.87, -0.30, -0.24, 0.10, 0.13, 0.02, 19.99, 14.25, 51.90, 0.95, 0.38, 0.81, 0.52, -0.06, 0.40, 21.83, 14.71, -23.18, 0.96, -0.27, -0.28, 0.12, 0.39, 0.10
38.90, -12.00, 27.63, 1.05, 0.13, 0.25, 0.33, -0.04, 0.03, 48.30, -22.12, 13.03, 0.96, -0.07, -0.18, 0.52, -0.26, 0.13, -10.80, 32.94, -23.48, 0.31, 0.65, 0.79, -0.09, 0.56, -0.12, 38.67, -23.16, 13.34, 0.92, -0.09, -0.21, 0.10, 0.12, 0.02, 13.99, -1.80, 42.50, 0.90, 0.33, 0.79, 0.52, -0.06, 0.40, 11.20, 15.85, -20.79, 0.99, -0.30, -0.27, 0.12, 0.39, 0.11
31.60, -7.15, 23.31, 0.97, 0.07, 0.27, 0.33, -0.04, 0.03, 35.52, -3.98, 11.64, 0.98, -0.11, -0.16, 0.52, -0.26, 0.11, -9.13, 17.29, -16.53, 0.33, 0.66, 0.78, -0.09, 0.56, -0.11, 23.10, -4.25, 14.07, 1.02, -0.08, -0.24, 0.09, 0.13, 0.00, 0.76, 2.05, 28.52, 0.95, 0.35, 0.83, 0.51, -0.07, 0.40, -1.77, 4.74, -18.98, 0.99, -0.32, -0.27, 0.11, 0.39, 0.11
10.05, -0.84, 20.29, 1.05, 0.10, 0.25, 0.32, -0.05, 0.02, 23.72, -0.84, 8.21, 1.06, -0.06, -0.23, 0.52, -0.26, 0.11, -13.53, 6.38, -13.29, 0.33, 0.66, 0.83, -0.09, 0.56, -0.11, 6.53, -7.07, 7.90, 1.01, -0.01, -0.20, 0.10, 0.13, -0.00, -5.94, -0.88, 15.32, 0.92, 0.42, 0.86, 0.51, -0.07, 0.40, -6.79, 4.04, -10.59, 1.01, -0.29, -0.27, 0.11, 0.39, 0.11
3.71, 0.86, 12.28, 1.02, 0.15, 0.27, 0.33, -0.05, 0.02, 24.66, 1.23, 2.69, 1.02, 0.04, -0.15, 0.52, -0.26, 0.10, -15.12, 2.01, -1.97, 0.43, 0.60, 0.85, -0.09, 0.56, -0.11, 5.55, 20.39, 17.27, 1.09, -0.07, -0.23, 0.09, 0.12, 0.00, -3.27, 7.11, 11.47, 0.89, 0.42, 0.88, 0.51, -0.07, 0.39, -4.49, -1.53, -5.80, 1.01, -0.29, -0.31, 0.11, 0.39, 0.11
3.36, 2.55, 7.10, 1.02, 0.13, 0.30, 0.32, -0.05, 0.02, 18.88, 5.10, -1.22, 1.04, -0.06, -0.16, 0.51, -0.27, 0.10, -13.84, 1.67, 0.84, 0.32, 0.69, 0.78, -0.09, 0.55, -0.11, 7.51, -0.77, -0.66, 1.05, -0.04, -0.21, 0.09, 0.12, 0.00, -1.06, 6.68, 5.89, 0.90, 0.41, 0.87, 0.50, -0.07, 0.40, 0.02, -3.69, -5.28, 0.98, -0.30, -0.30, 0.11, 0.40, 0.11
1.94, 2.37, 3.79, 1.02, 0.15, 0.30, 0.31, -0.04, 0.03, 16.37, 4.40, -2.91, 1.03, -0.07, -0.19, 0.51, -0.27, 0.11, -13.34, 3.66, -0.69, 0.31, 0.70, 0.77, -0.09, 0.56, -0.11, 5.31, -1.37, 1.25, 1.01, -0.05, -0.21, 0.09, 0.12, 0.01, 0.04, 5.73, 4.19, 0.91, 0.39, 0.86, 0.50, -0.06, 0.39, -0.74, -3.96, -2.97, 0.97, -0.30, -0.28, 0.11, 0.40, 0.11
0.46, 1.83, 1.57, 1.01, 0.14, 0.27, 0.32, -0.05, 0.02, 13.03, 5.81, -4.40, 1.01, -0.06, -0.19, 0.51, -0.26, 0.11, -12.61, 0.34, 1.08, 0.34, 0.69, 0.74, -0.09, 0.56, -0.12, 2.61, 0.53, 0.37, 1.00, -0.05, -0.22, 0.09, 0.12, 0.01, -2.84, 5.76, -0.67, 0.88, 0.39, 0.82, 0.51, -0.07, 0.39, -3.86, -3.73, -0.22, 0.97, -0.31, -0.29, 0.11, 0.39, 0.11
-4.25, 3.93, 0.16, 0.99, 0.12, 0.28, 0.32, -0.05, 0.03, 8.70, 9.80, -6.64, 0.99, -0.07, -0.19, 0.51, -0.27, 0.11, -12.80, -3.60, 3.63, 0.32, 0.68, 0.74, -0.09, 0.56, -0.12, -0.49, 5.46, -0.86, 1.00, -0.05, -0.21, 0.09, 0.12, 0.00, -3.60, 7.13, -4.02, 0.87, 0.40, 0.84, 0.51, -0.07, 0.40, -5.50, -7.50, 0.95, 0.95, -0.27, -0.28, 0.11, 0.40, 0.11
-4.99, 3.67, -1.88, 0.98, 0.14, 0.30, 0.32, -0.04, 0.03, 8.57, 7.14, -8.99, 1.00, -0.08, -0.19, 0.51, -0.26, 0.11, -13.40, -0.09, 3.19, 0.30, 0.69, 0.72, -0.09, 0.55, -0.12, 1.22, 2.35, -2.53, 0.99, -0.06, -0.21, 0.09, 0.12, 0.01, -1.15, 4.64, -2.50, 0.87, 0.37, 0.82, 0.50, -0.07, 0.40, -2.65, -4.87, 2.45, 0.94, -0.28, -0.27, 0.11, 0.40, 0.10
-4.20, 1.11, -1.78, 0.96, 0.12, 0.27, 0.32, -0.05, 0.03, 7.30, 6.67, -7.59, 0.96, -0.09, -0.18, 0.52, -0.27, 0.11, -11.44, -1.55, 8.07, 0.30, 0.68, 0.71, -0.09, 0.55, -0.12, 0.16, 2.68, -1.49, 0.97, -0.07, -0.21, 0.09, 0.12, 0.01, -2.05, 2.03, -3.63, 0.85, 0.38, 0.84, 0.51, -0.07, 0.40, -2.35, -2.62, 3.47, 0.93, -0.26, -0.28, 0.11, 0.40, 0.10
-5.58, -0.10, -2.47, 0.96, 0.13, 0.30, 0.32, -0.05, 0.02, 7.01, 5.17, -6.62, 0.96, -0.08, -0.17, 0.51, -0.26, 0.10, -17.10, -0.12, 9.46, 0.25, 0.69, 0.70, -0.09, 0.55, -0.12, 0.81, -0.75, -0.68, 0.99, -0.07, -0.22, 0.09, 0.12, 0.00, -2.62, 1.50, -1.73, 0.85, 0.37, 0.84, 0.51, -0.07, 0.40, -0.39, -1.14, 2.96, 0.93, -0.28, -0.27, 0.11, 0.40, 0.11
-7.22, -2.87, -0.31, 0.96, 0.11, 0.29, 0.32, -0.04, 0.02, 5.67, 2.74, -4.52, 0.96, -0.09, -0.19, 0.52, -0.26, 0.11, -18.61, -0.34, 3.99, 0.29, 0.70, 0.68, -0.09, 0.55, -0.11, -1.85, -2.17, 0.44, 0.96, -0.07, -0.20, 0.10, 0.12, -0.00, -6.13, 0.90, -2.95, 0.84, 0.37, 0.85, 0.51, -0.07, 0.40, -3.38, -0.47, 1.88, 0.94, -0.25, -0.26, 0.11, 0.40, 0.11
-6.74, -0.99, 0.27, 0.95, 0.13, 0.30, 0.33, -0.05, 0.02, 8.52, 3.84, -1.82, 0.95, -0.08, -0.15, 0.52, -0.26, 0.12, -14.45, -2.18, 9.90, 0.30, 0.73, 0.65, -0.09, 0.54, -0.12, 3.66, -1.05, 1.29, 0.96, -0.08, -0.19, 0.09, 0.12, -0.00, -2.18, 3.42, 0.47, 0.84, 0.36, 0.85, 0.50, -0.06, 0.39, 2.35, -0.75, -1.26, 0.95, -0.26, -0.28, 0.10, 0.40, 0.11
-2.95, 1.85, 1.48, 0.95, 0.11, 0.30, 0.33, -0.05, 0.02, 12.22, 6.97, -1.23, 0.96, -0.10, -0.17, 0.52, -0.26, 0.11, -6.30, -3.44, 13.67, 0.26, 0.71, 0.67, -0.09, 0.54, -0.13, 4.87, 2.15, 1.67, 0.98, -0.08, -0.19, 0.09, 0.12, 0.01, -2.45, 5.81, 0.23, 0.85, 0.38, 0.84, 0.51, -0.07, 0.40, -0.24, -5.12, -2.19, 0.94, -0.25, -0.28, 0.10, 0.40, 0.10
-2.49, 0.79, 1.02, 0.97, 0.11, 0.31, 0.32, -0.05, 0.02, 11.07, 4.86, -2.82, 0.97, -0.09, -0.18, 0.52, -0.26, 0.11, -6.86, -0.06, 6.63, 0.27, 0.72, 0.68, -0.09, 0.54, -0.12, 4.49, 0.57, 0.90, 0.97, -0.08, -0.21, 0.09, 0.13, 0.01, -1.92, 4.86, 0.58, 0.86, 0.36, 0.83, 0.51, -0.07, 0.40, 1.57, -1.23, -0.38, 0.95, -0.26, -0.26, 0.11, 0.40, 0.11
-2.62, -0.14, 0.57, 0.97, 0.10, 0.30, 0.32, -0.04, 0.03, 9.12, 4.12, -4.03, 0.97, -0.09, -0.19, 0.52, -0.26, 0.10, -6.30, 0.83, 6.15, 0.27, 0.74, 0.68, -0.09, 0.54, -0.12, 3.04, -0.10, 0.31, 0.97, -0.08, -0.22, 0.09, 0.13, 0.01, -2.53, 3.72, -0.14, 0.87, 0.36, 0.82, 0.51, -0.07, 0.40, 0.94, -0.51, 0.51, 0.96, -0.28, -0.26, 0.11, 0.39, 0.11
-4.24, 0.10, 0.65, 0.96, 0.10, 0.27, 0.32, -0.05, 0.03, 8.73, 5.44, -3.44, 0.97, -0.10, -0.19, 0.52, -0.26, 0.11, -3.23, -2.86, 9.49, 0.27, 0.73, 0.68, -0.09, 0.54, -0.13, 1.61, 1.84, 1.36, 0.98, -0.08, -0.21, 0.09, 0.12, -0.01, -4.67, 5.00, -1.78, 0.86, 0.36, 0.84, 0.51, -0.07, 0.40, -2.29, -4.17, -0.76, 0.96, -0.26, -0.27, 0.11, 0.40, 0.11
-6.14, 1.92, 0.67, 0.97, 0.11, 0.30, 0.33, -0.05, 0.02, 8.37, 6.65, -3.78, 0.98, -0.09, -0.18, 0.52, -0.26, 0.11, -4.04, -2.35, 7.15, 0.26, 0.73, 0.69, -0.09, 0.54, -0.12, 1.97, 1.95, 0.31, 0.98, -0.09, -0.20, 0.09, 0.13, -0.00, -3.63, 4.66, -2.48, 0.86, 0.37, 0.85, 0.51, -0.07, 0.40, -0.47, -3.72, 0.29, 0.95, -0.26, -0.28, 0.11, 0.40, 0.10
-5.68, 1.37, -0.14, 0.98, 0.11, 0.30, 0.32, -0.04, 0.02, 7.94, 6.36, -4.84, 0.98, -0.08, -0.18, 0.52, -0.26, 0.11, -4.67, -0.53, 5.01, 0.25, 0.73, 0.69, -0.09, 0.54, -0.12, 2.15, 1.44, -0.60, 0.97, -0.08, -0.20, 0.10, 0.13, 0.01, -2.85, 4.86, -1.67, 0.86, 0.36, 0.86, 0.51, -0.06, 0.40, 0.15, -2.31, 1.21, 0.95, -0.27, -0.27, 0.11, 0.40, 0.10
-4.96, 0.64, 0.00, 0.97, 0.11, 0.28, 0.33, -0.05, 0.02, 8.31, 5.54, -4.41, 0.97, -0.10, -0.19, 0.52, -0.27, 0.11, -2.00, 0.42, 1.64, 0.25, 0.74, 0.67, -0.09, 0.54, -0.12, 2.15, 1.31, 1.08, 0.96, -0.09, -0.22, 0.10, 0.12, 0.01, -4.58, 3.50, -1.38, 0.86, 0.35, 0.85, 0.51, -0.06, 0.40, -1.13, -2.13, -0.10, 0.95, -0.26, -0.26, 0.11, 0.40, 0.11
-6.41, 0.38, 0.75, 0.96, 0.10, 0.29, 0.33, -0.04, 0.02, 7.47, 5.38, -3.62, 0.96, -0.10, -0.18, 0.52, -0.26, 0.11, -1.86, 0.46, 1.58, 0.24, 0.73, 0.67, -0.09, 0.54, -0.12, 3.10, 1.64, 1.32, 0.96, -0.09, -0.20, 0.09, 0.12, 0.01, -3.19, 4.82, -0.22, 0.85, 0.36, 0.83, 0.51, -0.06, 0.40, 3.80, -3.21, -1.02, 0.95, -0.24, -0.26, 0.11, 0.40, 0.10
-2.36, 0.90, 0.93, 0.96, 0.11, 0.31, 0.32, -0.04, 0.02, 11.90, 4.96, -3.84, 0.96, -0.09, -0.18, 0.52, -0.27, 0.11, -1.03, 3.39, 3.78, 0.24, 0.73, 0.68, -0.09, 0.54, -0.13, 6.77, 0.32, 1.14, 0.96, -0.09, -0.22, 0.09, 0.12, 0.01, -1.65, 6.00, 1.67, 0.86, 0.35, 0.82, 0.52, -0.07, 0.40, 3.97, -2.39, -1.06, 0.95, -0.26, -0.26, 0.11, 0.40, 0.10
-2.02, 1.32, 1.68, 0.95, 0.09, 0.29, 0.32, -0.04, 0.03, 11.97, 5.81, -2.42, 0.95, -0.10, -0.19, 0.52, -0.26, 0.11, -1.08, 1.49, 2.83, 0.25, 0.73, 0.68, -0.09, 0.54, -0.11, 4.81, 1.79, 2.73, 0.96, -0.09, -0.21, 0.09, 0.13, 0.02, -4.27, 6.07, 0.84, 0.86, 0.35, 0.82, 0.51, -0.07, 0.40, 0.46, -3.13, -2.56, 0.95, -0.26, -0.25, 0.11, 0.40, 0.10
-3.74, 2.56, 2.81, 0.95, 0.11, 0.27, 0.32, -0.05, 0.02, 11.33, 6.91, -0.66, 0.97, -0.09, -0.19, 0.52, -0.27, 0.11, 0.42, 0.56, 4.61, 0.24, 0.73, 0.69, -0.10, 0.54, -0.13, 5.93, 2.09, 3.14, 0.97, -0.07, -0.21, 0.10, 0.12, 0.01, -2.56, 6.21, 2.14, 0.86, 0.37, 0.84, 0.51, -0.07, 0.40, 4.22, -2.87, -2.77, 0.94, -0.26, -0.26, 0.11, 0.40, 0.11
-1.94, 1.27, 1.80, 0.96, 0.11, 0.28, 0.32, -0.05, 0.02, 12.82, 5.35, -1.77, 0.96, -0.09, -0.19, 0.52, -0.27, 0.11, -0.55, 1.32, 4.96, 0.23, 0.72, 0.69, -0.09, 0.54, -0.12, 5.07, 1.73, 2.35, 0.97, -0.09, -0.23, 0.09, 0.12, 0.01, -3.31, 4.93, 1.02, 0.86, 0.36, 0.84, 0.51, -0.06, 0.40, 1.23, -2.66, -1.47, 0.95, -0.26, -0.26, 0.11, 0.40, 0.11
-3.93, 0.52, 2.11, 0.96, 0.10, 0.29, 0.32, -0.04, 0.02, 9.74, 4.88, -2.03, 0.96, -0.09, -0.19, 0.52, -0.26, 0.11, -1.49, 1.45, 1.73, 0.24, 0.72, 0.69, -0.09, 0.54, -0.13, 3.52, 0.29, 2.15, 0.97, -0.07, -0.21, 0.09, 0.12, 0.00, -3.38, 3.95, 0.56, 0.85, 0.36, 0.84, 0.51, -0.06, 0.40, 1.26, -1.56, -1.55, 0.95, -0.26, -0.27, 0.11, 0.40, 0.11
-4.09, 0.94, 1.89, 0.96, 0.11, 0.27, 0.32, -0.05, 0.02, 10.52, 5.13, -2.87, 0.97, -0.09, -0.20, 0.52, -0.27, 0.12, -1.79, 1.53, 2.73, 0.24, 0.73, 0.69, -0.09, 0.54, -0.13, 4.07, 0.25, 1.94, 0.96, -0.08, -0.21, 0.09, 0.12, 0.00, -2.81, 5.21, 0.94, 0.85, 0.36, 0.85, 0.51, -0.06, 0.40, 1.26, -2.37, -1.55, 0.94, -0.26, -0.25, 0.11, 0.40, 0.10
-2.33, 0.87, 1.54, 0.96, 0.11, 0.27, 0.32, -0.05, 0.02, 10.86, 4.32, -2.92, 0.97, -0.08, -0.20, 0.52, -0.27, 0.12, -1.76, 2.77, 2.76, 0.23, 0.72, 0.69, -0.09, 0.54, -0.12, 5.06, -0.21, 1.88, 0.96, -0.08, -0.22, 0.09, 0.12, 0.01, -2.59, 4.70, 1.82, 0.87, 0.35, 0.81, 0.51, -0.07, 0.40, 2.25, -1.91, -1.51, 0.95, -0.27, -0.25, 0.11, 0.40, 0.11
-2.94, -0.01, 1.53, 0.97, 0.10, 0.27, 0.32, -0.04, 0.02, 9.99, 3.89, -3.15, 0.96, -0.09, -0.21, 0.52, -0.27, 0.11, -2.72, 2.30, 2.22, 0.24, 0.73, 0.69, -0.09, 0.54, -0.12, 3.08, -0.50, 2.06, 0.97, -0.08, -0.23, 0.10, 0.13, -0.00, -4.03, 3.42, 0.81, 0.88, 0.36, 0.81, 0.51, -0.07, 0.40, 0.41, -0.77, -0.23, 0.95, -0.27, -0.25, 0.11, 0.40, 0.11
-4.12, -0.96, 1.22, 0.96, 0.12, 0.25, 0.32, -0.05, 0.02, 9.14, 3.53, -3.72, 0.97, -0.08, -0.19, 0.52, -0.27, 0.11, -3.30, 2.77, 1.79, 0.23, 0.72, 0.70, -0.10, 0.54, -0.13, 3.82, -0.65, 1.48, 0.98, -0.08, -0.23, 0.09, 0.12, 0.00, -2.83, 2.97, 1.24, 0.87, 0.37, 0.82, 0.51, -0.06, 0.40, 2.45, -1.10, -0.06, 0.95, -0.28, -0.26, 0.11, 0.39, 0.11
-3.02, -1.18, 1.44, 0.97, 0.11, 0.28, 0.33, -0.05, 0.02, 9.48, 3.63, -3.66, 0.97, -0.08, -0.20, 0.52, -0.27, 0.11, -3.39, 2.91, 1.52, 0.25, 0.72, 0.70, -0.10, 0.54, -0.13, 3.36, -0.33, 1.41, 0.97, -0.07, -0.22, 0.09, 0.12, 0.01, -3.39, 3.59, 0.10, 0.86, 0.37, 0.81, 0.51, -0.07, 0.39, 1.03, -1.70, -0.37, 0.96, -0.27, -0.26, 0.11, 0.40, 0.11
-3.64, 0.45, 0.97, 0.97, 0.11, 0.29, 0.32, -0.05, 0.02, 10.12, 4.40, -3.26, 0.98, -0.08, -0.19, 0.52, -0.27, 0.11, -2.99, 2.76, 2.89, 0.25, 0.73, 0.69, -0.09, 0.54, -0.13, 4.63, 0.01, 1.34, 0.97, -0.08, -0.22, 0.09, 0.12, 0.01, -2.92, 4.71, 0.67, 0.87, 0.35, 0.84, 0.51, -0.07, 0.40, 1.85, -1.92, -0.41, 0.96, -0.27, -0.26, 0.11, 0.40, 0.10
-3.51, 1.08, 0.66, 0.96, 0.10, 0.28, 0.32, -0.04, 0.02, 9.81, 5.06, -3.77, 0.97, -0.09, -0.20, 0.52, -0.26, 0.11, -3.76, 1.87, 2.92, 0.23, 0.73, 0.68, -0.09, 0.55, -0.12, 3.71, 1.33, 1.13, 0.97, -0.09, -0.23, 0.09, 0.12, 0.01, -2.90, 4.86, 0.40, 0.88, 0.35, 0.85, 0.51, -0.06, 0.39, 1.71, -2.53, -0.35, 0.95, -0.26, -0.24, 0.11, 0.40, 0.11
-3.65, -0.81, 0.64, 0.97, 0.10, 0.25, 0.32, -0.05, 0.02, 9.56, 3.60, -3.99, 0.97, -0.09, -0.21, 0.52, -0.27, 0.11, -3.69, 3.13, 1.03, 0.24, 0.73, 0.69, -0.10, 0.54, -0.13, 3.19, -0.84, 1.20, 0.96, -0.08, -0.23, 0.10, 0.12, 0.00, -2.98, 3.44, 0.47, 0.86, 0.35, 0.83, 0.51, -0.06, 0.40, 1.56, -0.82, -0.11, 0.96, -0.26, -0.25, 0.10, 0.39, 0.11
-3.12, 0.29, 0.96, 0.96, 0.10, 0.27, 0.32, -0.05, 0.02, 10.59, 5.14, -3.61, 0.97, -0.09, -0.20, 0.52, -0.26, 0.11, -2.72, 1.64, 3.60, 0.24, 0.73, 0.69, -0.09, 0.54, -0.13, 4.18, 0.83, 1.38, 0.97, -0.08, -0.23, 0.09, 0.13, 0.00, -3.27, 4.64, 0.16, 0.87, 0.35, 0.81, 0.51, -0.07, 0.40, 0.91, -2.97, -0.76, 0.95, -0.27, -0.25, 0.11, 0.40, 0.11
-3.86, 1.17, 1.02, 0.95, 0.11, 0.28, 0.32, -0.04, 0.03, 10.13, 6.06, -3.38, 0.97, -0.09, -0.20, 0.52, -0.26, 0.12, -2.69, 0.34, 3.99, 0.23, 0.73, 0.69, -0.09, 0.54, -0.12, 3.57, 1.77, 1.55, 0.97, -0.08, -0.23, 0.09, 0.12, 0.00, -3.85, 5.19, -0.28, 0.87, 0.36, 0.81, 0.51, -0.07, 0.40, 0.08, -3.76, -0.79, 0.96, -0.26, -0.25, 0.10, 0.40, 0.10
-4.42, 1.64, 0.75, 0.97, 0.10, 0.25, 0.32, -0.05, 0.03, 9.66, 6.08, -4.31, 0.98, -0.09, -0.21, 0.52, -0.26, 0.11, -3.55, 0.89, 2.77, 0.22, 0.72, 0.70, -0.09, 0.54, -0.13, 2.21, 0.82, 0.46, 0.97, -0.08, -0.23, 0.10, 0.12, 0.01, -4.01, 4.04, -1.26, 0.87, 0.36, 0.81, 0.51, -0.06, 0.40, 0.14, -2.39, 0.21, 0.95, -0.27, -0.25, 0.11, 0.40, 0.11
-5.17, 0.89, 0.64, 0.96, 0.10, 0.26, 0.33, -0.05, 0.02, 9.12, 5.97, -4.16, 0.97, -0.09, -0.21, 0.53, -0.26, 0.12, -3.24, 1.79, 3.11, 0.23, 0.72, 0.69, -0.09, 0.54, -0.13, 2.25, 1.49, 0.87, 0.96, -0.09, -0.23, 0.09, 0.12, 0.01, -4.00, 4.70, -1.19, 0.87, 0.35, 0.83, 0.52, -0.06, 0.40, -0.14, -2.89, -0.08, 0.94, -0.26, -0.25, 0.11, 0.39, 0.11
-5.09, 0.54, 0.54, 0.96, 0.11, 0.28, 0.32, -0.04, 0.03, 8.91, 4.66, -4.37, 0.96, -0.09, -0.20, 0.52, -0.26, 0.12, -2.65, 1.35, 2.65, 0.23, 0.73, 0.68, -0.09, 0.54, -0.12, 3.16, 0.10, 0.80, 0.96, -0.08, -0.22, 0.09, 0.12, 0.00, -2.77, 3.63, 0.10, 0.86, 0.35, 0.83, 0.51, -0.06, 0.39, 2.21, -1.86, -0.20, 0.94, -0.26, -0.25, 0.11, 0.40, 0.11
-3.19, -0.61, 0.55, 0.95, 0.09, 0.28, 0.31, -0.03, 0.02, 9.99, 1.98, -3.81, 0.95, -0.09, -0.22, 0.52, -0.26, 0.11, -2.53, 2.45, 2.16, 0.24, 0.73, 0.68, -0.09, 0.54, -0.13, 3.72, 0.07, 1.23, 0.95, -0.09, -0.23, 0.09, 0.12, 0.00, -3.18, 4.30, 0.43, 0.86, 0.34, 0.83, 0.51, -0.06, 0.40, 1.02, -1.32, -0.40, 0.94, -0.27, -0.24, 0.11, 0.40, 0.11
-4.34, 0.04, 1.40, 0.95, 0.10, 0.25, 0.32, -0.04, 0.02, 9.01, 4.10, -3.36, 0.95, -0.08, -0.20, 0.52, -0.26, 0.11, -2.06, 1.76, 2.14, 0.23, 0.73, 0.69, -0.09, 0.55, -0.12, 3.28, -0.13, 2.02, 0.95, -0.08, -0.23, 0.10, 0.13, -0.00, -4.10, 4.08, 0.75, 0.87, 0.35, 0.80, 0.51, -0.07, 0.39, 1.53, -1.30, -1.43, 0.95, -0.26, -0.24, 0.11, 0.40, 0.10
-3.94, 0.41, 2.20, 0.95, 0.10, 0.27, 0.32, -0.04, 0.02, 10.62, 4.44, -2.38, 0.96, -0.09, -0.21, 0.52, -0.26, 0.12, -0.09, 1.38, 3.66, 0.23, 0.73, 0.69, -0.09, 0.54, -0.12, 5.18, -0.07, 2.65, 0.95, -0.08, -0.23, 0.10, 0.13, 0.01, -3.94, 5.36, 1.75, 0.86, 0.36, 0.80, 0.51, -0.07, 0.39, 3.16, -2.43, -2.85, 0.94, -0.26, -0.24, 0.11, 0.40, 0.11
-2.02, 1.76, 3.06, 0.96, 0.10, 0.27, 0.32, -0.04, 0.03, 12.18, 4.55, -1.70, 0.97, -0.08, -0.21, 0.52, -0.27, 0.11, 1.05, 2.27, 4.42, 0.22, 0.72, 0.70, -0.09, 0.54, -0.13, 6.74, -0.12, 2.89, 0.97, -0.08, -0.24, 0.09, 0.13, -0.00, -3.45, 5.20, 2.52, 0.87, 0.35, 0.81, 0.51, -0.06, 0.40, 3.83, -1.41, -2.62, 0.95, -0.26, -0.24, 0.11, 0.40, 0.11
-0.03, 0.43, 2.82, 0.95, 0.10, 0.25, 0.32, -0.05, 0.03, 12.32, 2.98, -1.82, 0.96, -0.09, -0.21, 0.52, -0.26, 0.11, -0.93, 3.76, 2.28, 0.23, 0.72, 0.70, -0.09, 0.54, -0.12, 5.70, -0.81, 2.55, 0.96, -0.09, -0.24, 0.09, 0.12, 0.00, -3.22, 4.19, 2.14, 0.88, 0.34, 0.81, 0.51, -0.06, 0.40, 2.93, -0.37, -1.45, 0.95, -0.27, -0.24, 0.11, 0.40, 0.11
-3.39, -0.36, 2.06, 0.96, 0.10, 0.24, 0.33, -0.05, 0.02, 9.59, 3.57, -2.30, 0.96, -0.09, -0.21, 0.52, -0.27, 0.11, -2.18, 2.11, 1.88, 0.23, 0.73, 0.70, -0.09, 0.54, -0.12, 3.54, -0.16, 2.58, 0.96, -0.08, -0.24, 0.09, 0.13, 0.01, -4.09, 3.98, 1.54, 0.86, 0.35, 0.82, 0.51, -0.07, 0.40, 1.08, -1.23, -1.30, 0.95, -0.27, -0.24, 0.11, 0.39, 0.11
-4.02, -0.32, 2.40, 0.96, 0.10, 0.26, 0.31, -0.04, 0.02, 8.91, 3.81, -2.33, 0.97, -0.08, -0.22, 0.52, -0.26, 0.11, -2.41, 1.97, 1.32, 0.22, 0.72, 0.70, -0.09, 0.54, -0.12, 3.24, -0.87, 2.64, 0.97, -0.08, -0.23, 0.10, 0.13, 0.00, -3.96, 3.42, 1.64, 0.88, 0.36, 0.83, 0.51, -0.07, 0.40, 1.46, -1.13, -1.45, 0.96, -0.27, -0.25, 0.11, 0.40, 0.11
-3.88, -0.82, 2.36, 0.96, 0.11, 0.23, 0.32, -0.05, 0.03, 8.80, 3.66, -3.16, 0.96, -0.08, -0.22, 0.52, -0.27, 0.12, -2.92, 1.96, 1.70, 0.23, 0.72, 0.70, -0.09, 0.54, -0.12, 2.94, -0.68, 2.43, 0.96, -0.08, -0.23, 0.09, 0.13, -0.00, -4.68, 4.31, 0.99, 0.88, 0.36, 0.84, 0.50, -0.06, 0.39, 0.13, -0.83, -0.93, 0.95, -0.27, -0.25, 0.11, 0.39, 0.12
-4.63, -0.14, 1.82, 0.97, 0.11, 0.23, 0.32, -0.05, 0.02, 8.71, 4.13, -3.29, 0.97, -0.08, -0.21, 0.52, -0.27, 0.11, -3.15, 2.18, 1.41, 0.23, 0.72, 0.71, -0.09, 0.54, -0.12, 2.80, -0.64, 1.61, 0.96, -0.07, -0.23, 0.09, 0.13, 0.00, -4.07, 4.35, 0.34, 0.87, 0.37, 0.81, 0.51, -0.07, 0.40, 1.22, -1.56, -0.98, 0.95, -0.27, -0.24, 0.11, 0.40, 0.11
-4.10, -0.05, 1.53, 0.96, 0.11, 0.26, 0.32, -0.04, 0.02, 9.49, 3.89, -3.78, 0.97, -0.08, -0.22, 0.52, -0.27, 0.11, -3.51, 2.27, 1.21, 0.22, 0.72, 0.71, -0.09, 0.54, -0.13, 2.86, -0.83, 1.49, 0.96, -0.08, -0.24, 0.09, 0.13, 0.01, -4.43, 3.41, 0.19, 0.87, 0.36, 0.79, 0.51, -0.06, 0.40, 0.87, -1.20, -0.31, 0.95, -0.27, -0.24, 0.11, 0.39, 0.11
-4.51, -0.38, 1.24, 0.95, 0.11, 0.26, 0.31, -0.04, 0.02, 8.98, 3.78, -3.91, 0.97, -0.08, -0.21, 0.52, -0.27, 0.11, -3.28, 2.18, 0.54, 0.21, 0.72, 0.70, -0.10, 0.54, -0.12, 3.13, -0.98, 1.27, 0.97, -0.07, -0.24, 0.09, 0.13, 0.01, -3.22, 3.49, 0.74, 0.87, 0.37, 0.80, 0.51, -0.06, 0.40, 2.06, -0.55, -0.02, 0.94, -0.27, -0.24, 0.11, 0.40, 0.11
-3.32, -1.56, 0.89, 0.95, 0.10, 0.26, 0.32, -0.05, 0.02, 9.48, 2.78, -3.80, 0.97, -0.08, -0.20, 0.53, -0.27, 0.12, -2.79, 3.72, -1.19, 0.23, 0.72, 0.71, -0.10, 0.54, -0.12, 3.11, -0.83, 1.45, 0.97, -0.07, -0.23, 0.09, 0.13, 0.00, -3.50, 3.11, 0.71, 0.87, 0.37, 0.82, 0.51, -0.07, 0.40, 2.11, -0.61, -0.05, 0.96, -0.27, -0.25, 0.11, 0.39, 0.11
-2.79, -0.26, 1.48, 0.95, 0.11, 0.26, 0.32, -0.04, 0.02, 10.50, 3.78, -3.61, 0.96, -0.08, -0.20, 0.52, -0.27, 0.12, -2.11, 3.79, -1.07, 0.23, 0.73, 0.69, -0.09, 0.54, -0.13, 5.21, -0.17, 2.01, 0.96, -0.09, -0.24, 0.09, 0.13, 0.00, -3.50, 4.42, 1.67, 0.88, 0.35, 0.82, 0.51, -0.07, 0.39, 2.07, -1.71, -1.47, 0.95, -0.27, -0.24, 0.11, 0.40, 0.11
-2.88, 0.37, 1.72, 0.96, 0.10, 0.26, 0.32, -0.04, 0.02, 10.19, 4.47, -3.26, 0.96, -0.09, -0.22, 0.52, -0.27, 0.11, -1.79, 3.23, 0.41, 0.23, 0.72, 0.70, -0.09, 0.54, -0.13, 3.86, -0.22, 2.18, 0.95, -0.08, -0.24, 0.09, 0.13, -0.00, -3.91, 3.77, 1.30, 0.87, 0.36, 0.82, 0.51, -0.06, 0.39, 2.23, -1.50, -1.51, 0.95, -0.27, -0.23, 0.11, 0.40, 0.11
-3.02, -0.03, 2.39, 0.96, 0.11, 0.23, 0.32, -0.05, 0.01, 10.46, 3.88, -2.14, 0.97, -0.08, -0.22, 0.52, -0.27, 0.11, -2.51, 2.77, 0.28, 0.24, 0.72, 0.71, -0.09, 0.55, -0.13, 3.88, -0.48, 2.31, 0.96, -0.08, -0.24, 0.09, 0.13, 0.01, -4.46, 3.24, 0.99, 0.88, 0.35, 0.83, 0.50, -0.06, 0.39, 0.75, -0.66, -0.56, 0.96, -0.28, -0.24, 0.11, 0.40, 0.11
-4.38, -0.58, 1.76, 0.96, 0.11, 0.24, 0.33, -0.05, 0.01, 8.79, 4.02, -2.68, 0.97, -0.08, -0.22, 0.52, -0.26, 0.12, -3.12, 2.24, 0.52, 0.23, 0.72, 0.71, -0.09, 0.54, -0.13, 2.03, -0.69, 1.86, 0.97, -0.08, -0.25, 0.09, 0.13, 0.01, -4.79, 2.18, -1.82, 0.88, 0.36, 0.80, 0.51, -0.06, 0.40, 0.49, -0.43, 0.01, 0.96, -0.27, -0.24, 0.11, 0.40, 0.12
-4.99, -1.47, 1.27, 0.96, 0.12, 0.26, 0.32, -0.04, 0.01, 8.87, 3.61, -3.65, 0.97, -0.08, -0.21, 0.52, -0.27, 0.11, -3.54, 2.27, 0.55, 0.24, 0.72, 0.71, -0.09, 0.53, -0.12, 2.35, -0.78, 0.96, 0.97, -0.08, -0.24, 0.09, 0.13, 0.01, -3.51, 2.71, -0.07, 0.88, 0.36, 0.81, 0.51, -0.06, 0.40, 0.73, -1.02, 0.86, 0.96, -0.27, -0.25, 0.11, 0.40, 0.12
-5.22, -1.16, 0.55, 0.97, 0.11, 0.23, 0.33, -0.05, 0.01, 8.39, 3.80, -4.14, 0.97, -0.09, -0.21, 0.53, -0.27, 0.11, -4.90, 1.88, 0.22, 0.24, 0.72, 0.71, -0.09, 0.54, -0.12, 1.89, -0.76, 0.91, 0.96, -0.08, -0.23, 0.09, 0.13, 0.00, -3.69, 2.50, -0.58, 0.88, 0.37, 0.81, 0.51, -0.07, 0.40, 0.34, -0.79, 0.76, 0.95, -0.27, -0.24, 0.10, 0.40, 0.11
-5.23, -1.56, 0.67, 0.96, 0.11, 0.25, 0.33, -0.05, 0.02, 8.95, 3.62, -4.20, 0.97, -0.09, -0.22, 0.52, -0.27, 0.11, -4.37, 2.20, 1.04, 0.24, 0.72, 0.70, -0.09, 0.54, -0.12, 1.79, -1.03, 0.62, 0.96, -0.08, -0.24, 0.09, 0.13, 0.01, -3.96, 2.35, -0.76, 0.87, 0.36, 0.81, 0.51, -0.06, 0.40, -0.06, -0.66, 0.81, 0.95, -0.26, -0.24, 0.11, 0.40, 0.10
-5.13, -0.82, 0.73, 0.96, 0.10, 0.26, 0.32, -0.05, 0.01, 8.79, 3.93, -3.78, 0.96, -0.09, -0.21, 0.52, -0.27, 0.11, -3.81, 1.29, 2.28, 0.25, 0.72, 0.69, -0.09, 0.54, -0.13, 2.60, -0.34, 1.02, 0.96, -0.09, -0.23, 0.09, 0.13, 0.01, -4.06, 3.27, -0.55, 0.87, 0.35, 0.83, 0.51, -0.06, 0.40, -0.07, -1.69, 0.05, 0.95, -0.26, -0.24, 0.11, 0.40, 0.10
-4.83, -0.36, 0.76, 0.96, 0.10, 0.27, 0.32, -0.04, 0.02, 8.64, 4.40, -4.33, 0.96, -0.09, -0.21, 0.52, -0.27, 0.11, -3.95, 1.55, 2.15, 0.22, 0.72, 0.70, -0.09, 0.54, -0.13, 2.21, -0.49, 0.95, 0.96, -0.08, -0.24, 0.10, 0.13, 0.01, -3.58, 2.63, -0.23, 0.86, 0.35, 0.82, 0.51, -0.06, 0.40, 0.45, -1.26, 0.08, 0.95, -0.25, -0.24, 0.11, 0.39, 0.11
-4.10, -1.18, 1.29, 0.95, 0.10, 0.25, 0.32, -0.05, 0.01, 9.79, 3.69, -3.78, 0.96, -0.09, -0.21, 0.52, -0.27, 0.11, -3.53, 2.90, 1.38, 0.23, 0.72, 0.70, -0.09, 0.54, -0.12, 3.39, -1.21, 1.48, 0.96, -0.09, -0.24, 0.09, 0.13, 0.00, -2.83, 2.81, 1.03, 0.88, 0.35, 0.82, 0.50, -0.06, 0.39, 1.30, -0.25, 0.14, 0.95, -0.27, -0.24, 0.11, 0.39, 0.11
-4.36, -1.77, 1.34, 0.95, 0.10, 0.25, 0.32, -0.04, 0.01, 9.27, 3.47, -3.51, 0.95, -0.09, -0.21, 0.52, -0.26, 0.12, -3.69, 1.67, 1.05, 0.24, 0.72, 0.69, -0.09, 0.54, -0.12, 2.25, -0.33, 2.04, 0.96, -0.09, -0.24, 0.09, 0.13, 0.01, -4.63, 3.34, -0.03, 0.87, 0.35, 0.80, 0.51, -0.06, 0.40, -1.01, -0.94, -0.43, 0.95, -0.26, -0.24, 0.11, 0.40, 0.11
-4.93, -0.62, 1.66, 0.95, 0.10, 0.26, 0.32, -0.04, 0.02, 8.73, 3.69, -2.84, 0.96, -0.09, -0.22, 0.52, -0.27, 0.11, -2.36, 2.21, 1.17, 0.23, 0.71, 0.69, -0.09, 0.54, -0.12, 2.77, -1.05, 2.06, 0.96, -0.08, -0.24, 0.09, 0.13, 0.01, -3.97, 2.50, 0.66, 0.87, 0.35, 0.80, 0.51, -0.06, 0.39, 1.04, -0.72, -0.51, 0.94, -0.27, -0.24, 0.11, 0.40, 0.11
-4.87, -1.61, 2.21, 0.96, 0.10, 0.24, 0.33, -0.05, 0.01, 8.24, 3.11, -3.06, 0.96, -0.09, -0.22, 0.52, -0.27, 0.12, -3.40, 2.12, 0.03, 0.24, 0.72, 0.70, -0.09, 0.54, -0.12, 2.22, -1.19, 2.27, 0.96, -0.08, -0.24, 0.09, 0.13, 0.00, -4.40, 2.90, 0.31, 0.87, 0.36, 0.81, 0.51, -0.07, 0.39, 0.22, 0.15, -0.09, 0.95, -0.26, -0.23, 0.11, 0.39, 0.11
