-10.01, -0.77, 7.04, 0.41, -0.92, 0.78, 0.39, 0.26, -0.25, 11.25, -7.61, 1.67, 0.16, 0.85, 0.44, 0.46, -0.47, 0.19, -3.37, 4.78, -4.13, -0.22, 0.81, 0.54, -0.02, 0.31, -0.18, -7.31, -9.42, 8.05, 0.10, 0.82, 0.57, -0.05, -0.01, 0.06, -29.25, -0.94, -0.90, 0.47, -0.63, 1.08, 0.53, 0.19, 0.07, -8.28, 4.79, 4.67, 0.41, 0.90, -0.13, 0.22, -0.06, 0.26
-29.02, -4.87, -1.31, 0.34, -0.80, 0.90, 0.39, 0.26, -0.25, -5.62, -16.52, 2.06, 0.01, 0.97, 0.28, 0.46, -0.47, 0.19, -5.34, -4.49, -6.76, -0.21, 0.85, 0.56, -0.01, 0.31, -0.17, -11.64, -19.61, 2.60, 0.02, 0.92, 0.42, -0.05, -0.01, 0.07, -12.32, 7.34, -0.11, 0.42, -0.53, 1.07, 0.52, 0.18, 0.07, -0.88, -8.01, -4.10, 0.40, 0.94, -0.11, 0.22, -0.06, 0.26
-3.71, 3.54, 5.08, 0.35, -0.79, 0.86, 0.40, 0.26, -0.25, 7.87, 0.40, -4.91, 0.02, 0.92, 0.40, 0.46, -0.47, 0.20, 0.77, -2.18, 7.92, -0.23, 0.81, 0.58, -0.02, 0.31, -0.18, 5.65, 4.91, -2.36, 0.03, 0.84, 0.55, -0.05, -0.01, 0.07, -1.31, 5.90, 6.22, 0.50, -0.60, 1.09, 0.52, 0.19, 0.06, 1.03, -3.35, -5.52, 0.39, 0.92, -0.11, 0.22, -0.05, 0.26
0.22, 0.43, 5.78, 0.36, -0.91, 0.80, 0.40, 0.26, -0.25, 11.11, 3.58, -3.13, 0.12, 0.85, 0.46, 0.45, -0.47, 0.20, -1.36, 2.15, -1.81, -0.25, 0.81, 0.57, -0.02, 0.30, -0.18, -0.51, -1.38, 0.23, 0.06, 0.78, 0.61, -0.06, -0.01, 0.07, -10.72, 0.55, -0.48, 0.49, -0.61, 1.05, 0.52, 0.19, 0.06, -7.20, 4.47, 1.35, 0.40, 0.88, -0.11, 0.22, -0.06, 0.27
-11.71, -0.97, 3.22, 0.39, -0.82, 0.87, 0.39, 0.26, -0.25, 0.06, 5.05, -1.51, 0.10, 0.94, 0.33, 0.46, -0.48, 0.20, -2.88, 6.08, -2.99, -0.19, 0.80, 0.59, -0.02, 0.31, -0.17, 0.25, 0.10, 3.05, 0.04, 0.93, 0.42, -0.06, -0.01, 0.08, -4.58, -0.09, 0.41, 0.43, -0.57, 1.10, 0.51, 0.19, 0.06, 3.46, 1.63, 0.04, 0.41, 0.95, -0.12, 0.22, -0.05, 0.27
0.69, -0.61, 3.64, 0.36, -0.85, 0.83, 0.40, 0.26, -0.25, 12.87, 5.50, -4.25, 0.04, 0.89, 0.44, 0.46, -0.47, 0.20, -3.15, -4.55, 4.99, -0.20, 0.85, 0.55, -0.02, 0.30, -0.17, 2.03, 6.65, -2.29, 0.06, 0.84, 0.53, -0.05, -0.01, 0.08, -7.46, 9.49, 4.70, 0.51, -0.64, 1.04, 0.52, 0.19, 0.06, -5.04, -4.88, -4.32, 0.40, 0.88, -0.11, 0.22, -0.05, 0.26
-11.63, 0.56, 2.12, 0.40, -0.87, 0.80, 0.40, 0.26, -0.25, 5.36, 1.73, -4.60, 0.11, 0.88, 0.42, 0.46, -0.47, 0.20, -3.51, 0.24, -3.81, -0.27, 0.81, 0.58, -0.02, 0.30, -0.17, -1.95, -3.36, 2.53, 0.03, 0.88, 0.49, -0.05, -0.00, 0.07, -12.90, 0.49, 2.35, 0.47, -0.55, 1.04, 0.52, 0.18, 0.07, -4.02, 1.22, 1.82, 0.41, 0.97, -0.11, 0.22, -0.05, 0.25
-4.55, -1.18, 2.18, 0.35, -0.83, 0.87, 0.39, 0.26, -0.29, 10.26, 7.64, -4.29, 0.08, 0.97, 0.34, 0.46, -0.47, 0.20, -4.07, 2.09, 3.23, -0.20, 0.83, 0.58, -0.02, 0.30, -0.17, 20.86, 7.10, -2.18, 0.00, 0.84, 0.54, -0.05, -0.01, 0.07, 2.71, 5.77, 0.99, 0.47, -0.59, 1.07, 0.52, 0.19, 0.06, 6.04, -3.18, -4.31, 0.36, 0.91, -0.11, 0.22, -0.05, 0.25
3.63, 1.35, 5.90, 0.35, -0.87, 0.82, 0.39, 0.27, -0.25, 15.48, 5.40, -5.82, 0.11, 0.93, 0.35, 0.46, -0.47, 0.19, -1.70, 2.76, 10.20, -0.23, 0.81, 0.57, -0.02, 0.30, -0.18, 6.19, -1.59, -0.81, 0.10, 0.78, 0.64, -0.05, -0.01, 0.07, -4.38, 4.16, 4.13, 0.51, -0.64, 1.03, 0.52, 0.18, 0.06, 6.30, 3.00, -2.45, 0.41, 0.85, -0.09, 0.22, -0.05, 0.26
-8.76, -3.60, 2.84, 0.39, -0.93, 0.77, 0.40, 0.26, -0.25, 5.03, -0.06, -0.25, 0.11, 0.84, 0.47, 0.46, -0.47, 0.20, -5.73, -1.88, -6.98, -0.23, 0.82, 0.57, -0.02, 0.31, -0.17, -5.05, -3.99, 4.71, 0.04, 0.86, 0.51, -0.06, -0.01, 0.07, -13.71, 2.26, -4.71, 0.48, -0.60, 1.06, 0.52, 0.18, 0.07, -9.49, -0.93, 5.53, 0.39, 0.97, -0.11, 0.22, -0.06, 0.26
-10.00, -1.73, 0.49, 0.36, -0.76, 0.87, 0.40, 0.26, -0.25, 10.64, 9.54, -1.53, -0.00, 0.98, 0.34, 0.46, -0.48, 0.20, -4.19, 4.46, 0.89, -0.20, 0.83, 0.58, -0.02, 0.31, -0.17, 15.65, 7.52, -1.69, -0.01, 0.90, 0.47, -0.05, -0.01, 0.07, 0.87, 3.22, 4.36, 0.45, -0.61, 1.07, 0.52, 0.19, 0.06, 5.57, -0.94, -4.59, 0.39, 0.91, -0.12, 0.22, -0.06, 0.26
0.07, -2.12, 3.41, 0.36, -0.89, 0.82, 0.39, 0.26, -0.24, 13.37, 11.19, -6.83, 0.12, 0.84, 0.50, 0.46, -0.47, 0.20, -2.15, 2.41, 5.92, -0.22, 0.80, 0.57, -0.02, 0.30, -0.17, -9.98, 11.55, 0.03, 0.12, 0.77, 0.61, -0.06, -0.01, 0.07, -18.75, -0.08, 1.92, 0.51, -0.68, 1.06, 0.51, 0.19, 0.06, -7.65, 3.89, 0.39, 0.39, 0.86, -0.10, 0.22, -0.05, 0.26
-24.94, -8.15, -2.70, 0.35, -0.83, 0.78, 0.40, 0.26, -0.25, -11.69, 3.22, -1.84, 0.10, 0.89, 0.41, 0.47, -0.47, 0.20, -5.25, 4.39, -10.58, -0.25, 0.84, 0.55, -0.02, 0.30, -0.17, -19.01, -1.71, 4.62, 0.10, 0.89, 0.48, -0.05, -0.01, 0.07, -31.68, -3.39, -3.72, 0.45, -0.54, 1.02, 0.52, 0.18, 0.06, -9.92, 1.03, 3.53, 0.43, 0.97, -0.12, 0.22, -0.05, 0.27
-18.42, -4.33, 0.21, 0.35, -0.82, 0.86, 0.40, 0.25, -0.25, -1.98, 8.72, 0.42, 0.12, 0.98, 0.28, 0.47, -0.47, 0.20, -4.61, 1.36, 0.79, -0.18, 0.82, 0.60, -0.02, 0.30, -0.17, -4.34, -3.72, 2.11, 0.03, 0.83, 0.56, -0.05, -0.01, 0.08, -27.95, 5.62, 4.42, 0.47, -0.59, 1.06, 0.52, 0.17, 0.06, -3.56, -6.13, -2.85, 0.37, 0.87, -0.12, 0.22, -0.05, 0.27
-24.92, -4.02, 2.11, 0.40, -0.84, 0.81, 0.39, 0.25, -0.25, -9.29, 5.25, -2.67, 0.10, 0.89, 0.36, 0.46, -0.47, 0.20, -4.40, 2.38, -2.50, -0.22, 0.82, 0.56, -0.02, 0.31, -0.17, -21.44, -1.90, 2.13, 0.07, 0.81, 0.55, -0.05, -0.01, 0.08, -34.97, -3.66, -0.77, 0.47, -0.57, 1.06, 0.52, 0.17, 0.06, -12.19, 1.61, 2.92, 0.40, 0.91, -0.12, 0.22, -0.05, 0.27
-30.59, -6.79, -1.76, 0.38, -0.87, 0.86, 0.39, 0.25, -0.25, -11.04, -4.76, -0.14, 0.10, 0.91, 0.35, 0.46, -0.47, 0.21, -5.10, 4.04, -13.01, -0.23, 0.81, 0.58, -0.02, 0.31, -0.17, -15.22, -1.79, 5.20, 0.01, 0.92, 0.41, -0.06, -0.00, 0.08, -15.46, -5.01, -3.81, 0.45, -0.52, 1.12, 0.52, 0.16, 0.06, -8.87, 2.69, 5.65, 0.41, 0.97, -0.18, 0.22, -0.05, 0.27
-11.42, -2.97, 0.19, 0.35, -0.79, 0.96, 0.39, 0.24, -0.26, 2.26, 8.38, 1.91, 0.08, 0.98, 0.29, 0.46, -0.47, 0.21, -5.85, 0.90, 2.16, -0.08, 0.83, 0.58, -0.01, 0.31, -0.17, -32.75, -1.47, 4.29, 0.06, 0.85, 0.63, -0.05, -0.00, 0.09, -43.74, 0.10, -3.90, 0.43, -0.56, 1.14, 0.52, 0.16, 0.06, -3.61, -7.16, -3.27, 0.35, 0.83, -0.15, 0.22, -0.05, 0.27
-39.23, -7.07, -2.18, 0.36, -0.89, 0.87, 0.39, 0.24, -0.25, -16.19, -0.88, 0.36, 0.13, 0.91, 0.34, 0.46, -0.47, 0.23, -7.04, -1.03, -1.43, -0.17, 0.84, 0.54, -0.01, 0.31, -0.17, -31.60, -10.44, 6.07, 0.12, 0.86, 0.50, -0.05, -0.01, 0.09, -68.13, 4.13, -2.11, 0.46, -0.54, 1.14, 0.51, 0.15, 0.06, -11.28, -4.64, 3.34, 0.39, 0.91, -0.16, 0.22, -0.05, 0.28
-48.26, -9.79, -1.99, 0.33, -0.74, 0.93, 0.39, 0.24, -0.26, -10.94, -12.87, 4.04, 0.07, 1.01, 0.19, 0.46, -0.46, 0.22, -7.22, -1.05, -9.24, -0.19, 0.84, 0.58, -0.01, 0.31, -0.17, -5.05, -10.68, 6.20, -0.07, 0.97, 0.31, -0.05, 0.00, 0.10, -15.65, 2.39, -1.91, 0.43, -0.36, 1.11, 0.51, 0.14, 0.05, -1.20, -2.09, 0.35, 0.38, 0.97, -0.17, 0.21, -0.04, 0.28
-0.73, -0.36, 5.82, 0.35, -0.76, 0.97, 0.39, 0.22, -0.27, 13.87, 8.04, -6.13, 0.01, 0.97, 0.32, 0.46, -0.47, 0.22, -2.27, 0.10, 10.89, -0.22, 0.84, 0.57, -0.01, 0.30, -0.17, 1.91, 13.59, -1.44, 0.08, 0.89, 0.45, -0.06, -0.00, 0.11, -0.78, 6.33, 12.66, 0.47, -0.53, 1.11, 0.52, 0.13, 0.05, 6.64, 5.68, -10.03, 0.41, 0.88, -0.15, 0.22, -0.04, 0.28
-2.18, -5.35, 8.15, 0.36, -0.89, 0.88, 0.39, 0.22, -0.27, 8.76, 8.80, -2.77, 0.16, 0.88, 0.36, 0.46, -0.47, 0.22, -3.32, -0.54, -0.09, -0.23, 0.82, 0.55, -0.01, 0.30, -0.18, -1.53, -1.07, 3.39, 0.11, 0.85, 0.50, -0.06, -0.01, 0.10, -18.14, 3.16, -0.67, 0.49, -0.53, 1.13, 0.52, 0.13, 0.06, -7.47, 2.24, 5.15, 0.39, 0.90, -0.14, 0.22, -0.05, 0.28
-16.39, -2.47, -1.71, 0.35, -0.74, 0.95, 0.38, 0.22, -0.27, 4.79, -0.73, -0.83, 0.09, 1.02, 0.19, 0.46, -0.46, 0.23, -3.36, 5.38, -0.87, -0.19, 0.84, 0.58, -0.01, 0.31, -0.17, 12.91, -7.85, 4.17, -0.03, 0.93, 0.40, -0.06, 0.00, 0.11, -6.11, 0.80, 2.57, 0.43, -0.44, 1.15, 0.52, 0.13, 0.05, 4.06, -2.64, -3.48, 0.39, 0.93, -0.16, 0.22, -0.03, 0.27
1.05, -4.61, 8.43, 0.33, -0.77, 0.96, 0.38, 0.23, -0.26, 18.34, 8.50, -2.12, 0.08, 0.96, 0.26, 0.46, -0.47, 0.23, -1.80, 4.35, 9.14, -0.17, 0.83, 0.56, -0.01, 0.31, -0.17, 7.64, 2.42, 0.30, 0.01, 0.86, 0.49, -0.05, -0.00, 0.11, -4.02, 5.93, 4.81, 0.44, -0.51, 1.13, 0.52, 0.13, 0.05, 2.99, 1.50, -3.63, 0.38, 0.90, -0.15, 0.22, -0.04, 0.28
-2.19, -1.67, 5.90, 0.36, -0.79, 0.93, 0.38, 0.22, -0.27, 24.85, -8.36, -6.18, 0.11, 0.97, 0.22, 0.46, -0.47, 0.23, -3.22, 2.11, 3.82, -0.16, 0.82, 0.56, -0.01, 0.30, -0.18, 24.80, -5.41, -1.05, 0.05, 0.93, 0.40, -0.05, -0.00, 0.10, -2.87, 6.26, 1.87, 0.44, -0.48, 1.18, 0.52, 0.13, 0.06, 7.70, 2.63, -0.14, 0.39, 0.93, -0.18, 0.22, -0.05, 0.28
-2.49, -3.15, 0.75, 0.36, -0.73, 0.96, 0.38, 0.23, -0.27, 37.50, -7.66, -7.06, 0.05, 0.95, 0.27, 0.46, -0.47, 0.23, -6.65, -2.38, 9.47, -0.24, 0.81, 0.57, -0.01, 0.31, -0.17, 69.21, 13.94, -2.11, 0.01, 1.00, 0.31, -0.05, -0.00, 0.09, 7.86, 6.86, 6.38, 0.46, -0.44, 1.17, 0.52, 0.13, 0.06, 13.30, 2.11, -3.39, 0.39, 0.97, -0.16, 0.22, -0.05, 0.27
12.69, -5.82, 7.25, 0.32, -0.77, 0.98, 0.38, 0.23, -0.26, 62.51, 9.56, -5.52, 0.04, 0.90, 0.43, 0.46, -0.47, 0.21, -9.81, 1.94, 20.29, -0.19, 0.84, 0.55, -0.01, 0.30, -0.17, 115.97, 29.74, 2.77, 0.03, 0.85, 0.50, -0.05, -0.01, 0.07, 14.09, 6.93, 10.66, 0.47, -0.54, 1.13, 0.51, 0.14, 0.06, 19.35, 6.81, -2.81, 0.43, 0.89, -0.13, 0.22, -0.05, 0.27
15.55, -0.61, 6.50, 0.33, -0.83, 0.88, 0.39, 0.23, -0.26, 94.48, 12.37, -10.62, 0.14, 0.93, 0.30, 0.47, -0.47, 0.20, -9.49, -3.60, 13.56, -0.18, 0.80, 0.57, -0.02, 0.30, -0.17, 140.81, 18.07, -9.17, 0.13, 0.80, 0.56, -0.06, -0.01, 0.04, 10.78, 14.09, -4.78, 0.47, -0.50, 1.15, 0.52, 0.15, 0.05, 19.73, -2.64, 0.91, 0.39, 0.89, -0.14, 0.22, -0.05, 0.27
7.93, 4.36, -3.07, 0.34, -0.73, 0.89, 0.39, 0.23, -0.26, 83.90, -13.26, -19.23, 0.06, 0.78, 0.57, 0.47, -0.48, 0.17, -10.00, -1.82, 19.66, -0.30, 0.83, 0.55, -0.02, 0.30, -0.17, 82.62, 4.93, -11.21, -0.01, 0.80, 0.59, -0.05, -0.01, 0.00, 4.49, 14.18, 2.03, 0.50, -0.52, 1.07, 0.52, 0.14, 0.05, 12.53, -1.22, -6.32, 0.42, 0.91, -0.08, 0.22, -0.06, 0.27
4.05, 4.58, 8.73, 0.32, -0.80, 0.91, 0.39, 0.24, -0.26, 123.26, -4.16, -23.99, 0.08, 0.99, 0.30, 0.48, -0.48, 0.14, -9.96, 4.51, 23.51, -0.26, 0.84, 0.52, -0.02, 0.29, -0.16, 244.96, 49.12, -29.10, -0.01, 1.09, 0.16, -0.05, -0.01, -0.03, 16.70, 22.96, 0.02, 0.42, -0.55, 1.08, 0.52, 0.14, 0.06, 27.25, 1.97, -2.87, 0.44, 1.00, -0.06, 0.22, -0.06, 0.26
14.27, 15.07, -0.69, 0.41, -0.77, 0.95, 0.38, 0.24, -0.25, 243.70, 12.88, -16.82, 0.04, 0.35, 1.12, 0.48, -0.48, 0.10, -14.18, -3.00, 36.38, -0.16, 0.81, 0.53, -0.03, 0.29, -0.16, 192.86, 27.97, -20.99, 0.18, -0.19, 1.46, -0.03, 0.02, -0.11, 19.99, 25.68, -1.65, 0.51, 0.07, 0.88, 0.53, 0.15, 0.06, 22.15, -2.55, -11.02, 0.29, 0.72, -0.04, 0.22, -0.06, 0.26
-26.12, 15.57, 9.29, 0.50, -0.80, 0.83, 0.39, 0.24, -0.26, 65.38, 21.74, -12.24, 0.21, 0.60, 0.64, 0.49, -0.48, 0.07, -22.91, 20.26, 27.28, -0.35, 0.81, 0.53, -0.04, 0.29, -0.16, 112.35, 43.04, 11.33, 0.16, 0.64, 0.67, -0.03, 0.03, -0.14, 15.63, 3.65, 2.61, 0.50, -0.45, 0.98, 0.54, 0.16, 0.07, 13.56, 6.27, -5.70, 0.51, 1.01, -0.06, 0.23, -0.06, 0.25
-71.88, 13.28, 5.20, 0.36, -0.77, 0.97, 0.40, 0.23, -0.26, 204.40, 29.32, -8.61, 0.29, 0.99, 0.35, 0.50, -0.47, 0.04, -32.15, 25.97, 45.32, -0.30, 0.80, 0.55, -0.04, 0.28, -0.16, 244.96, 59.10, -12.58, 0.30, 0.52, 0.70, -0.02, 0.06, -0.18, 53.25, 49.09, 7.87, 0.49, -0.63, 1.03, 0.54, 0.17, 0.06, 43.93, -10.89, -8.59, 0.38, 0.97, -0.08, 0.23, -0.06, 0.24
-147.45, -1.18, 11.38, 0.40, -0.82, 1.00, 0.40, 0.20, -0.26, 212.39, 9.43, -1.98, -0.10, -0.16, 1.45, 0.50, -0.45, -0.03, -75.66, 38.69, 82.56, -0.36, 0.82, 0.46, -0.05, 0.27, -0.15, 96.41, 33.94, -9.80, 0.36, -0.44, 1.26, -0.00, 0.10, -0.22, 23.25, 18.42, -1.23, 0.31, -0.65, 0.89, 0.55, 0.18, 0.06, -4.05, -13.41, -19.52, 0.35, 0.79, 0.03, 0.23, -0.07, 0.24
-180.97, 28.56, 18.07, 0.72, -0.53, 0.87, 0.39, 0.18, -0.27, 89.95, 17.32, -12.71, 0.17, 0.50, 0.73, 0.50, -0.44, -0.05, -131.53, 75.52, 36.25, -0.75, 0.63, 0.58, -0.05, 0.25, -0.12, 115.37, 25.38, -10.55, 0.19, 0.37, 0.61, 0.01, 0.12, -0.23, 22.54, 12.03, -10.76, 0.56, -0.58, 0.96, 0.55, 0.19, 0.07, 19.00, -12.64, -15.31, 0.45, 0.98, 0.07, 0.24, -0.07, 0.24
-162.13, -30.04, -17.67, 0.32, -0.49, 1.20, 0.40, 0.13, -0.27, 244.96, 35.09, -9.32, 0.25, 0.58, 0.60, 0.51, -0.41, -0.09, -196.64, 66.90, 17.57, -0.82, 0.72, 0.33, -0.04, 0.23, -0.08, 244.96, 67.46, -24.22, 0.36, -0.16, 0.95, 0.02, 0.18, -0.27, 40.26, 29.16, 1.81, 0.52, -0.53, 1.03, 0.56, 0.19, 0.07, 51.28, -3.96, -14.07, 0.42, 0.91, -0.09, 0.24, -0.07, 0.23
-145.32, -15.92, 10.33, 0.33, -0.54, 1.17, 0.40, 0.09, -0.28, 206.45, 41.18, -6.77, 0.24, -0.50, 1.28, 0.51, -0.37, -0.12, -209.27, 81.18, 17.65, 0.14, 1.17, 0.03, -0.04, 0.21, -0.02, 152.50, 52.87, -22.21, 0.35, -0.43, 0.77, 0.04, 0.23, -0.29, 54.35, 60.84, 24.09, 0.64, -0.57, 0.83, 0.57, 0.20, 0.08, 39.46, -1.32, -18.45, 0.53, 0.86, 0.04, 0.24, -0.07, 0.22
244.96, 54.90, -20.13, 0.51, -0.90, 0.85, 0.40, 0.11, -0.27, 244.96, 26.40, -34.86, 0.31, 0.08, 0.65, 0.53, -0.34, -0.15, -95.05, 12.34, 23.05, -0.24, 0.98, 0.04, -0.04, 0.19, 0.02, 244.96, 58.64, -18.50, 0.49, -0.53, 0.54, 0.05, 0.30, -0.31, 244.96, 46.32, 9.99, 0.57, -0.96, 0.53, 0.57, 0.24, 0.10, 45.68, -10.85, -6.62, 0.54, 0.81, 0.09, 0.25, -0.08, 0.21
244.96, -30.32, -9.50, 0.47, -0.92, 1.16, 0.40, 0.19, -0.27, 244.92, -29.45, -56.79, 0.16, -0.58, 0.93, 0.53, -0.27, -0.19, -78.25, 2.92, 8.08, -0.55, 0.89, 0.18, -0.04, 0.19, 0.03, 234.44, 23.16, -33.32, 0.36, -0.87, 0.63, 0.06, 0.36, -0.30, 96.03, 42.00, -23.74, 0.61, -0.45, 0.59, 0.58, 0.27, 0.11, 19.89, -24.49, 1.36, 0.49, 0.82, 0.20, 0.25, -0.08, 0.20
244.96, -4.07, 50.78, 0.25, -0.55, 0.61, 0.40, 0.25, -0.24, 161.36, 38.46, 12.04, 0.14, -0.49, 0.82, 0.54, -0.22, -0.20, -73.62, 3.88, 27.60, -0.43, 1.04, -0.07, -0.04, 0.18, 0.06, 226.97, 57.86, 28.59, 0.39, -0.88, 0.53, 0.06, 0.42, -0.29, 112.82, 26.77, -34.42, 0.74, -0.85, 0.45, 0.59, 0.29, 0.14, 40.58, -16.39, -18.45, 0.47, 0.88, 0.13, 0.25, -0.08, 0.19
233.46, -9.57, 73.56, 0.51, -0.84, 0.60, 0.41, 0.30, -0.21, 133.29, 19.88, 11.80, 0.38, -0.67, 0.61, 0.55, -0.18, -0.20, -55.33, 31.72, 11.42, -0.47, 0.89, -0.02, -0.05, 0.18, 0.07, 170.51, 15.72, 28.79, 0.51, -1.25, 0.26, 0.08, 0.46, -0.26, 60.41, 5.73, -5.05, 0.69, -0.80, 0.39, 0.59, 0.31, 0.15, 56.76, 11.75, -12.41, 0.51, 0.72, 0.18, 0.25, -0.09, 0.19
132.63, -26.00, 22.81, 0.57, -0.68, 0.41, 0.42, 0.32, -0.18, 78.82, -1.45, 16.40, 0.38, -0.54, 0.76, 0.55, -0.17, -0.20, -89.64, 30.94, 0.57, -0.39, 0.94, -0.04, -0.05, 0.18, 0.09, 198.79, -8.85, 2.89, 0.39, -0.81, 0.21, 0.08, 0.50, -0.25, 29.08, -49.89, -64.73, 1.18, 0.13, 0.21, 0.59, 0.32, 0.16, 51.78, 8.93, -6.78, 0.55, 0.79, 0.28, 0.26, -0.09, 0.18
101.98, 0.60, 0.25, 0.54, -0.94, 0.27, 0.41, 0.34, -0.16, 120.31, -0.07, 41.92, 0.36, -0.20, 0.68, 0.55, -0.15, -0.20, -60.67, 26.04, -8.41, -0.55, 0.85, -0.03, -0.05, 0.19, 0.11, 157.30, -3.56, -3.58, 0.49, -1.03, 0.09, 0.07, 0.55, -0.22, 28.46, 33.75, -2.09, 0.60, -0.84, 0.39, 0.59, 0.33, 0.17, 25.23, 10.09, -5.57, 0.54, 0.83, 0.25, 0.26, -0.10, 0.17
45.68, 26.53, -6.45, 0.55, -1.02, 0.26, 0.41, 0.36, -0.15, 59.57, 11.89, 21.27, 0.36, -1.06, 0.64, 0.55, -0.13, -0.20, -99.65, 41.37, -37.39, -0.28, 1.01, -0.18, -0.04, 0.19, 0.14, 108.35, 5.29, -10.68, 0.57, -0.96, 0.07, 0.07, 0.57, -0.20, 23.53, 25.12, -5.63, 0.64, -0.80, 0.41, 0.59, 0.34, 0.17, 29.53, 4.16, 3.36, 0.53, 0.86, 0.18, 0.26, -0.10, 0.17
35.10, 15.01, -12.96, 0.48, -0.84, 0.26, 0.41, 0.36, -0.13, 16.15, 9.14, 7.10, 0.26, -0.84, 0.72, 0.55, -0.12, -0.20, -67.02, 25.79, -8.15, -0.24, 0.96, -0.26, -0.04, 0.20, 0.15, 52.02, 8.09, -7.82, 0.58, -1.10, -0.02, 0.07, 0.59, -0.19, 16.13, 14.54, -8.68, 0.61, -0.76, 0.38, 0.60, 0.34, 0.19, 17.91, -4.65, 1.72, 0.49, 0.78, 0.21, 0.25, -0.09, 0.15
15.85, 2.72, -16.11, 0.42, -0.82, 0.23, 0.41, 0.37, -0.12, -110.43, -10.54, -19.80, 0.31, -0.52, 0.74, 0.55, -0.13, -0.20, -28.09, -5.17, 10.53, -0.32, 0.96, -0.28, -0.04, 0.20, 0.17, 43.84, 12.61, -22.76, 0.35, -0.99, -0.01, 0.07, 0.59, -0.18, 13.68, 24.39, -12.53, 0.52, -0.78, 0.38, 0.59, 0.35, 0.19, 15.01, -9.19, -1.79, 0.50, 0.86, 0.27, 0.26, -0.10, 0.15
25.13, 31.47, -14.27, 0.41, -0.92, 0.25, 0.40, 0.38, -0.12, -13.58, 8.35, -3.74, 0.36, -0.34, 0.71, 0.55, -0.15, -0.20, -50.65, 15.42, -0.66, -0.47, 0.87, -0.20, -0.04, 0.20, 0.18, 52.06, 14.44, -14.96, 0.48, -0.86, -0.03, 0.07, 0.60, -0.17, 12.51, 23.77, 12.22, 0.65, -0.42, 0.58, 0.59, 0.36, 0.20, 24.79, -0.90, 2.53, 0.45, 0.79, 0.25, 0.26, -0.11, 0.15
17.49, -1.28, -12.22, 0.37, -1.00, 0.16, 0.40, 0.38, -0.11, -11.77, -9.96, 2.98, 0.25, -0.72, 0.72, 0.55, -0.16, -0.20, -52.80, 14.82, -4.35, -0.18, 0.90, -0.33, -0.04, 0.20, 0.20, 5.77, -2.73, -8.56, 0.28, -0.88, -0.18, 0.06, 0.61, -0.15, 0.57, 6.14, -8.25, 0.45, -0.78, 0.25, 0.59, 0.36, 0.19, -3.08, -6.55, 3.70, 0.50, 0.80, 0.33, 0.26, -0.10, 0.15
-0.40, 6.21, -9.84, 0.37, -0.88, 0.21, 0.41, 0.39, -0.11, -25.58, 0.87, 0.04, 0.25, -0.52, 0.78, 0.55, -0.17, -0.20, -33.05, -4.64, 5.45, -0.30, 0.93, -0.31, -0.04, 0.20, 0.20, 27.07, 3.73, -1.26, 0.35, -0.91, -0.07, 0.06, 0.62, -0.15, 15.93, 13.90, -1.52, 0.53, -0.77, 0.34, 0.59, 0.37, 0.19, 17.77, -2.93, -5.35, 0.51, 0.82, 0.29, 0.26, -0.10, 0.14
16.65, 6.08, -3.51, 0.41, -0.89, 0.20, 0.40, 0.38, -0.11, -1.06, 5.83, 3.90, 0.33, -0.71, 0.70, 0.54, -0.17, -0.20, -41.94, 15.92, -3.33, -0.32, 0.87, -0.25, -0.04, 0.21, 0.21, 29.60, -0.66, -1.78, 0.44, -1.14, -0.20, 0.07, 0.62, -0.15, 11.42, 5.41, -2.63, 0.61, -0.87, 0.19, 0.59, 0.36, 0.20, 9.46, 2.39, 5.00, 0.54, 0.65, 0.31, 0.26, -0.10, 0.13
-4.07, -0.60, -4.07, 0.40, -0.86, 0.12, 0.40, 0.39, -0.10, -42.05, -4.73, -3.06, 0.40, -0.57, 0.75, 0.54, -0.18, -0.20, -42.75, -0.53, -9.73, -0.29, 0.85, -0.26, -0.05, 0.21, 0.21, 0.62, 7.63, -7.38, 0.35, -0.77, -0.10, 0.07, 0.62, -0.15, 1.08, 9.88, -15.29, 0.52, -0.68, 0.31, 0.60, 0.36, 0.20, 6.33, -10.27, 6.56, 0.49, 0.84, 0.28, 0.26, -0.10, 0.14
11.24, 2.06, -9.82, 0.36, -0.79, 0.24, 0.40, 0.38, -0.10, -0.62, 5.48, 5.93, 0.31, -0.38, 0.82, 0.54, -0.19, -0.20, -28.30, 5.92, 9.91, -0.37, 0.90, -0.35, -0.04, 0.22, 0.22, 42.65, -0.45, -1.75, 0.29, -0.91, -0.16, 0.07, 0.62, -0.15, 24.87, 16.04, -2.46, 0.48, -0.94, 0.23, 0.59, 0.37, 0.21, 26.93, -1.35, -2.52, 0.51, 0.75, 0.31, 0.25, -0.11, 0.14
21.26, 23.02, 4.37, 0.27, -0.91, 0.10, 0.40, 0.39, -0.10, 4.25, -0.99, -2.94, 0.39, -0.58, 0.71, 0.55, -0.19, -0.20, -20.84, 4.10, 4.60, -0.41, 0.79, -0.33, -0.05, 0.22, 0.23, 25.74, 1.47, -7.35, 0.39, -1.06, -0.21, 0.06, 0.63, -0.14, 2.53, 4.40, -12.93, 0.52, -0.73, 0.28, 0.60, 0.37, 0.21, 1.11, -0.72, 10.06, 0.45, 0.80, 0.32, 0.25, -0.11, 0.13
1.89, -4.84, -13.41, 0.33, -0.84, 0.16, 0.40, 0.39, -0.10, -1.98, -5.93, -0.54, 0.27, -0.34, 0.82, 0.54, -0.20, -0.20, -28.56, 8.67, -13.38, -0.35, 0.88, -0.40, -0.04, 0.23, 0.23, 18.49, -0.81, -8.07, 0.33, -0.92, -0.16, 0.06, 0.63, -0.14, 7.93, 6.44, -7.72, 0.53, -0.78, 0.28, 0.59, 0.37, 0.21, 12.99, -1.49, 1.68, 0.49, 0.83, 0.31, 0.25, -0.11, 0.13
12.31, 0.06, -6.06, 0.36, -0.88, 0.16, 0.39, 0.40, -0.09, 20.08, -7.89, -12.90, 0.35, -0.35, 0.78, 0.54, -0.20, -0.20, -23.42, 11.15, 9.67, -0.22, 0.87, -0.44, -0.04, 0.23, 0.24, 14.65, 3.81, -7.70, 0.31, -0.97, -0.17, 0.06, 0.64, -0.14, 10.86, 13.35, -7.62, 0.53, -0.81, 0.27, 0.58, 0.37, 0.22, 14.07, -11.95, 2.99, 0.43, 0.72, 0.32, 0.25, -0.11, 0.12
5.92, 7.07, -4.59, 0.36, -0.86, 0.06, 0.39, 0.40, -0.09, 5.11, -6.14, -16.00, 0.28, -0.58, 0.75, 0.54, -0.19, -0.20, -7.87, -4.87, 17.25, -0.34, 0.84, -0.42, -0.05, 0.23, 0.24, -7.96, 4.46, -8.82, 0.31, -0.94, -0.23, 0.06, 0.64, -0.13, -9.38, 5.58, -8.91, 0.50, -0.81, 0.26, 0.59, 0.38, 0.22, -7.03, -6.27, 6.38, 0.45, 0.81, 0.34, 0.25, -0.11, 0.13
-6.31, 6.76, -15.63, 0.33, -0.72, 0.18, 0.39, 0.40, -0.09, -1.47, -2.92, -14.07, 0.22, -0.25, 0.83, 0.54, -0.20, -0.20, 7.33, 0.01, 5.67, -0.42, 0.86, -0.37, -0.05, 0.23, 0.24, 13.32, 2.12, -15.84, 0.27, -0.95, -0.14, 0.05, 0.63, -0.13, 8.87, 10.38, -6.59, 0.50, -0.79, 0.27, 0.59, 0.38, 0.22, 15.66, -5.09, -3.13, 0.47, 0.78, 0.32, 0.25, -0.11, 0.13
10.01, 10.11, -10.42, 0.42, -0.87, 0.10, 0.39, 0.40, -0.08, 15.34, -1.39, -8.80, 0.35, -0.50, 0.73, 0.54, -0.20, -0.20, -16.85, 19.08, 0.26, -0.37, 0.82, -0.36, -0.05, 0.22, 0.24, 5.72, -10.27, -22.68, 0.32, -1.05, -0.30, 0.05, 0.64, -0.13, 4.82, -1.41, -13.41, 0.55, -0.84, 0.18, 0.59, 0.38, 0.22, 4.79, 5.36, 15.02, 0.45, 0.67, 0.35, 0.25, -0.11, 0.13
-9.20, -1.76, -20.71, 0.32, -0.89, 0.03, 0.38, 0.41, -0.08, 0.23, -14.48, -8.23, 0.35, -0.47, 0.74, 0.53, -0.19, -0.21, -7.87, -7.86, 4.42, -0.30, 0.86, -0.39, -0.05, 0.23, 0.25, -20.99, -14.51, -34.33, 0.26, -0.89, -0.19, 0.05, 0.64, -0.14, -13.55, 3.24, -29.75, 0.47, -0.71, 0.12, 0.59, 0.38, 0.22, -5.53, 3.10, 18.60, 0.48, 0.81, 0.39, 0.24, -0.12, 0.12
-12.75, 12.19, -37.31, 0.31, -0.85, 0.11, 0.38, 0.41, -0.08, 9.73, -11.28, -11.95, 0.25, -0.39, 0.84, 0.52, -0.19, -0.20, 21.79, -10.78, 18.80, -0.47, 0.86, -0.39, -0.05, 0.23, 0.24, 6.45, -19.35, -7.36, 0.23, -0.94, -0.16, 0.04, 0.64, -0.14, 11.36, 10.24, -18.01, 0.55, -0.85, 0.23, 0.58, 0.39, 0.23, 14.60, 0.91, 8.49, 0.43, 0.75, 0.34, 0.24, -0.12, 0.13
-7.80, 6.70, -12.89, 0.09, -0.87, 0.03, 0.37, 0.41, -0.08, -3.02, -9.78, -1.47, 0.24, -0.31, 0.81, 0.53, -0.19, -0.21, 11.92, -13.23, -1.59, -0.44, 0.84, -0.39, -0.05, 0.22, 0.24, 11.48, -1.05, -19.87, 0.19, -0.90, -0.22, 0.03, 0.64, -0.14, -11.61, 2.91, -24.84, 0.49, -0.79, 0.21, 0.57, 0.39, 0.23, -11.30, -0.05, 19.87, 0.43, 0.75, 0.34, 0.25, -0.11, 0.12
-17.79, -0.22, -23.10, 0.22, -0.77, 0.13, 0.37, 0.41, -0.08, 16.95, -10.75, -7.35, 0.22, -0.26, 0.84, 0.52, -0.19, -0.21, 3.11, -12.01, -13.02, -0.43, 0.86, -0.34, -0.05, 0.22, 0.23, 19.09, -18.45, -14.88, 0.20, -0.96, -0.13, 0.03, 0.64, -0.13, 2.20, -4.61, -10.71, 0.39, -0.77, 0.27, 0.57, 0.39, 0.23, 6.17, 4.37, 5.40, 0.42, 0.91, 0.32, 0.24, -0.11, 0.13
7.81, -6.64, -8.64, 0.20, -0.93, 0.18, 0.36, 0.42, -0.08, 4.93, 9.56, 13.53, 0.15, -0.44, 0.83, 0.52, -0.19, -0.22, -7.84, 17.21, -3.27, -0.30, 0.86, -0.41, -0.05, 0.22, 0.23, 40.55, -0.01, 15.69, 0.20, -0.87, -0.18, 0.02, 0.65, -0.13, 5.86, 10.58, 2.96, 0.42, -0.81, 0.21, 0.57, 0.39, 0.23, 8.50, -0.64, -3.97, 0.43, 0.78, 0.34, 0.23, -0.12, 0.13
4.74, 5.47, -8.34, 0.27, -0.89, 0.10, 0.37, 0.41, -0.07, 16.15, 9.81, 3.01, 0.24, -0.41, 0.78, 0.52, -0.19, -0.22, 4.56, 0.50, 2.72, -0.30, 0.87, -0.40, -0.05, 0.22, 0.23, 35.46, -2.27, -5.80, 0.21, -1.01, -0.23, 0.03, 0.65, -0.11, 2.17, 6.72, -6.52, 0.39, -0.80, 0.22, 0.57, 0.40, 0.23, 2.85, -2.16, 0.16, 0.41, 0.80, 0.35, 0.24, -0.12, 0.13
3.15, 0.58, -5.93, 0.17, -0.93, 0.10, 0.37, 0.41, -0.07, 24.82, 9.74, -8.64, 0.19, -0.56, 0.83, 0.52, -0.19, -0.21, 15.89, -3.06, 5.36, -0.43, 0.81, -0.36, -0.05, 0.21, 0.23, 19.54, 4.29, 3.90, 0.06, -1.02, -0.20, 0.03, 0.66, -0.12, -1.06, 11.23, 9.16, 0.44, -0.81, 0.26, 0.57, 0.40, 0.22, 1.42, -11.25, -11.22, 0.34, 0.81, 0.35, 0.23, -0.12, 0.12
-0.99, -1.10, 17.03, 0.30, -0.89, 0.08, 0.36, 0.42, -0.08, -67.72, 20.61, 27.77, 0.27, -0.43, 0.72, 0.53, -0.19, -0.18, -23.45, 22.54, -14.10, -0.48, 0.86, -0.34, -0.05, 0.21, 0.23, 5.51, -16.34, 19.28, 0.27, -0.95, -0.33, 0.03, 0.66, -0.11, -3.79, -11.33, 10.20, 0.44, -0.84, 0.16, 0.56, 0.40, 0.22, 1.06, 18.32, 2.18, 0.51, 0.73, 0.40, 0.24, -0.12, 0.12
-6.74, -13.57, 3.42, 0.21, -0.87, 0.01, 0.37, 0.41, -0.07, -15.81, 9.20, 14.65, 0.34, -0.40, 0.78, 0.53, -0.21, -0.21, -8.16, 0.17, -4.15, -0.26, 0.89, -0.38, -0.05, 0.22, 0.23, 2.80, 4.03, -9.02, 0.27, -0.95, -0.26, 0.03, 0.66, -0.11, -7.84, 4.87, -3.53, 0.45, -0.77, 0.19, 0.57, 0.39, 0.23, -5.76, -1.37, -0.34, 0.46, 0.83, 0.36, 0.23, -0.11, 0.12
-3.83, 2.68, -1.78, 0.27, -0.84, 0.10, 0.37, 0.41, -0.08, 11.37, 7.48, -3.88, 0.29, -0.39, 0.83, 0.53, -0.22, -0.21, 7.43, -1.32, 12.39, -0.45, 0.82, -0.31, -0.05, 0.22, 0.23, 11.16, 1.47, -2.58, 0.28, -0.96, -0.25, 0.03, 0.66, -0.12, -0.84, 5.65, 4.09, 0.53, -0.83, 0.23, 0.57, 0.40, 0.23, 2.35, -8.43, -4.18, 0.38, 0.74, 0.33, 0.24, -0.12, 0.12
-7.04, -5.33, 1.87, 0.27, -0.84, 0.05, 0.37, 0.41, -0.07, 2.14, 0.22, 3.37, 0.31, -0.45, 0.79, 0.53, -0.21, -0.20, -6.32, 2.58, -7.30, -0.32, 0.83, -0.35, -0.05, 0.22, 0.24, -5.44, -1.16, -4.76, 0.24, -0.91, -0.27, 0.03, 0.66, -0.12, -14.63, -0.58, -5.92, 0.45, -0.77, 0.21, 0.57, 0.39, 0.23, -8.02, -4.99, 7.70, 0.42, 0.80, 0.34, 0.24, -0.12, 0.12
-14.84, -1.47, -2.69, 0.24, -0.87, 0.12, 0.36, 0.42, -0.08, -2.85, 2.36, 2.94, 0.24, -0.36, 0.84, 0.53, -0.21, -0.21, -3.78, 2.38, -7.36, -0.37, 0.88, -0.37, -0.05, 0.22, 0.23, -2.36, -0.32, 1.12, 0.26, -0.96, -0.22, 0.03, 0.66, -0.12, -10.15, -0.33, 0.44, 0.46, -0.81, 0.25, 0.57, 0.39, 0.23, 0.41, 4.31, 0.83, 0.41, 0.82, 0.34, 0.24, -0.12, 0.12
-8.99, -2.96, -0.32, 0.25, -0.82, 0.09, 0.36, 0.41, -0.07, 5.33, -3.34, 3.36, 0.23, -0.32, 0.83, 0.53, -0.21, -0.21, -5.65, 5.08, 0.16, -0.33, 0.87, -0.40, -0.05, 0.22, 0.23, 4.52, -6.75, -8.86, 0.16, -0.98, -0.25, 0.03, 0.66, -0.11, -4.97, 1.82, -0.13, 0.43, -0.85, 0.19, 0.57, 0.39, 0.22, 0.27, 0.40, 1.76, 0.44, 0.77, 0.35, 0.23, -0.12, 0.12
-10.48, 0.73, -4.16, 0.24, -0.91, 0.06, 0.36, 0.41, -0.08, 14.78, -3.96, -7.31, 0.26, -0.43, 0.80, 0.53, -0.21, -0.20, -2.09, -3.74, 0.68, -0.32, 0.86, -0.36, -0.05, 0.22, 0.24, -0.41, -1.20, -10.09, 0.20, -0.92, -0.25, 0.02, 0.66, -0.12, -10.39, 3.22, -4.02, 0.39, -0.77, 0.24, 0.57, 0.39, 0.22, -4.18, -6.37, 1.16, 0.42, 0.85, 0.34, 0.23, -0.12, 0.12
-5.73, 3.70, -2.83, 0.24, -0.87, 0.15, 0.36, 0.42, -0.08, 9.00, 5.04, -2.10, 0.25, -0.40, 0.82, 0.52, -0.21, -0.21, -5.37, 8.48, -4.71, -0.43, 0.88, -0.34, -0.04, 0.22, 0.23, 13.04, -1.98, -6.93, 0.23, -0.97, -0.28, 0.02, 0.66, -0.12, 1.12, 0.16, 0.37, 0.47, -0.82, 0.25, 0.56, 0.40, 0.22, 4.83, 1.77, -2.48, 0.39, 0.78, 0.35, 0.24, -0.11, 0.12
-1.40, -7.94, -4.01, 0.27, -0.90, 0.04, 0.36, 0.41, -0.08, 4.50, 1.54, 7.90, 0.31, -0.53, 0.80, 0.53, -0.21, -0.21, -0.24, 11.85, -14.65, -0.31, 0.84, -0.35, -0.04, 0.22, 0.24, -1.76, -10.11, -13.43, 0.19, -0.96, -0.31, 0.02, 0.67, -0.12, -10.65, -3.31, -4.79, 0.43, -0.86, 0.13, 0.57, 0.39, 0.22, -8.80, 6.56, 6.75, 0.48, 0.77, 0.36, 0.23, -0.12, 0.13
-17.26, 1.49, -6.34, 0.22, -0.84, 0.09, 0.36, 0.41, -0.08, 1.70, -5.83, -11.25, 0.25, -0.31, 0.83, 0.52, -0.22, -0.21, 7.17, -13.66, 3.87, -0.41, 0.88, -0.33, -0.05, 0.23, 0.24, -0.84, 1.35, -5.94, 0.16, -0.90, -0.23, 0.01, 0.67, -0.12, -6.78, 0.53, -2.43, 0.43, -0.78, 0.24, 0.57, 0.39, 0.22, 0.79, 1.15, 1.75, 0.42, 0.83, 0.33, 0.24, -0.12, 0.12
-2.90, -3.96, -2.35, 0.26, -0.89, 0.14, 0.36, 0.41, -0.09, 16.76, 3.93, 1.09, 0.22, -0.56, 0.82, 0.52, -0.21, -0.21, -4.16, 7.63, -5.11, -0.33, 0.85, -0.32, -0.05, 0.22, 0.22, 6.19, -8.40, 0.81, 0.19, -0.93, -0.28, 0.01, 0.67, -0.11, -2.78, -4.52, -1.38, 0.46, -0.86, 0.20, 0.56, 0.39, 0.22, -1.60, 2.44, 2.90, 0.43, 0.77, 0.33, 0.23, -0.12, 0.13
-9.26, -6.79, -10.32, 0.21, -0.90, 0.11, 0.35, 0.42, -0.08, 14.56, -1.05, 0.40, 0.27, -0.42, 0.81, 0.52, -0.21, -0.22, -2.27, -2.89, -9.17, -0.30, 0.86, -0.33, -0.04, 0.22, 0.22, -1.31, -5.41, -15.99, 0.21, -0.94, -0.23, 0.01, 0.67, -0.12, -11.26, -1.69, -8.70, 0.42, -0.79, 0.28, 0.56, 0.39, 0.22, -4.33, 2.21, 6.53, 0.40, 0.85, 0.31, 0.23, -0.12, 0.13
-8.46, -2.43, -7.38, 0.22, -0.87, 0.15, 0.35, 0.42, -0.08, 19.97, -2.03, -7.31, 0.24, -0.47, 0.83, 0.52, -0.21, -0.21, 0.22, 3.60, -0.50, -0.35, 0.84, -0.33, -0.04, 0.22, 0.23, 4.22, -5.27, -7.77, 0.20, -0.89, -0.25, 0.01, 0.66, -0.11, -2.23, -2.32, -4.84, 0.45, -0.83, 0.27, 0.56, 0.39, 0.22, 3.57, 2.46, 2.67, 0.36, 0.84, 0.32, 0.22, -0.12, 0.13
-1.61, -10.15, -5.53, 0.23, -0.87, 0.11, 0.35, 0.41, -0.08, 15.99, -0.95, 5.56, 0.21, -0.50, 0.81, 0.52, -0.21, -0.21, 0.23, 10.71, -5.54, -0.31, 0.86, -0.34, -0.03, 0.23, 0.23, 7.96, -17.29, 0.77, 0.12, -0.95, -0.29, 0.00, 0.67, -0.11, -6.24, -9.13, -8.46, 0.35, -0.87, 0.16, 0.56, 0.40, 0.22, -1.05, 8.60, 4.27, 0.47, 0.74, 0.37, 0.22, -0.12, 0.13
-12.40, -3.90, -9.91, 0.16, -0.89, 0.09, 0.34, 0.42, -0.08, 11.89, 0.54, -11.46, 0.25, -0.43, 0.81, 0.52, -0.21, -0.21, 19.40, -13.79, -5.26, -0.27, 0.90, -0.37, -0.04, 0.23, 0.23, 1.04, -0.19, 0.34, 0.20, -0.94, -0.26, 0.00, 0.66, -0.11, -16.24, 5.27, -10.68, 0.42, -0.83, 0.31, 0.56, 0.40, 0.22, -7.08, -1.30, 1.79, 0.32, 0.85, 0.32, 0.23, -0.11, 0.13
-9.91, -4.04, 0.51, 0.25, -0.85, 0.17, 0.34, 0.43, -0.08, 3.56, 1.70, -0.44, 0.23, -0.39, 0.82, 0.52, -0.21, -0.21, 10.23, 12.34, -25.04, -0.44, 0.84, -0.30, -0.04, 0.23, 0.22, 1.74, -14.09, 4.68, 0.20, -0.97, -0.26, 0.00, 0.67, -0.12, -20.61, 31.71, 10.95, 0.67, -0.33, 0.30, 0.54, 0.41, 0.21, 2.27, 13.40, 2.73, 0.45, 0.78, 0.34, 0.23, -0.11, 0.13
-8.25, -11.64, -1.86, 0.18, -0.88, 0.10, 0.34, 0.42, -0.08, 5.52, -0.24, 3.60, 0.30, -0.35, 0.82, 0.52, -0.21, -0.22, -2.80, 0.42, -8.73, -0.26, 0.88, -0.28, -0.03, 0.22, 0.22, -2.40, -6.91, -2.24, 0.20, -0.85, -0.28, -0.00, 0.67, -0.12, -6.30, 0.18, -4.98, 0.43, -0.82, 0.25, 0.55, 0.40, 0.21, 0.05, 4.82, 6.08, 0.42, 0.82, 0.31, 0.22, -0.11, 0.13
-3.44, -3.27, -6.64, 0.19, -0.88, 0.15, 0.34, 0.42, -0.09, 25.71, -5.00, -12.13, 0.17, -0.52, 0.87, 0.52, -0.21, -0.22, 2.31, 1.76, 2.05, -0.30, 0.90, -0.30, -0.03, 0.22, 0.21, 3.43, -6.86, 3.04, 0.17, -0.99, -0.26, 0.00, 0.66, -0.11, -2.19, 0.31, 4.61, 0.43, -0.84, 0.28, 0.55, 0.40, 0.21, 2.89, 3.28, -3.27, 0.38, 0.85, 0.30, 0.22, -0.11, 0.14
-1.32, -8.34, 6.05, 0.22, -0.93, 0.14, 0.33, 0.43, -0.09, 7.55, 4.52, 7.32, 0.20, -0.67, 0.82, 0.51, -0.20, -0.21, -6.62, 10.67, -7.54, -0.25, 0.86, -0.31, -0.03, 0.22, 0.21, -4.99, -9.81, 7.89, 0.16, -0.98, -0.28, 0.00, 0.67, -0.11, -11.20, -3.75, 3.69, 0.41, -0.87, 0.22, 0.55, 0.39, 0.21, -10.62, 4.62, 2.97, 0.43, 0.85, 0.33, 0.22, -0.11, 0.13
-13.68, -5.10, 4.21, 0.22, -0.87, 0.15, 0.35, 0.42, -0.09, -3.69, 4.08, 5.68, 0.23, -0.34, 0.86, 0.51, -0.21, -0.21, -9.11, 4.54, -2.53, -0.25, 0.92, -0.33, -0.03, 0.22, 0.22, 0.88, -4.18, -1.29, 0.17, -0.97, -0.22, 0.00, 0.67, -0.12, -2.81, 0.53, 1.54, 0.38, -0.81, 0.26, 0.55, 0.40, 0.21, 3.65, 2.30, -2.00, 0.43, 0.83, 0.32, 0.22, -0.11, 0.13
0.74, 0.50, 2.64, 0.18, -0.90, 0.12, 0.34, 0.41, -0.09, 20.85, 3.68, -6.68, 0.17, -0.50, 0.85, 0.52, -0.21, -0.22, -1.32, 4.91, 8.18, -0.28, 0.89, -0.30, -0.03, 0.22, 0.22, 5.50, 2.66, 5.38, 0.20, -0.98, -0.28, 0.00, 0.66, -0.12, -3.24, 4.40, 8.52, 0.44, -0.83, 0.27, 0.55, 0.39, 0.22, -1.20, -1.14, -5.82, 0.39, 0.81, 0.31, 0.22, -0.12, 0.14
-4.58, -3.06, 9.44, 0.23, -0.91, 0.13, 0.34, 0.42, -0.09, 6.61, 6.25, 1.85, 0.26, -0.46, 0.82, 0.51, -0.21, -0.21, -5.33, 5.36, -1.96, -0.27, 0.86, -0.31, -0.03, 0.22, 0.22, -0.64, -1.43, 6.77, 0.15, -0.95, -0.22, 0.00, 0.66, -0.11, -7.84, 3.30, 5.97, 0.40, -0.84, 0.27, 0.55, 0.39, 0.21, -5.22, -2.67, -2.24, 0.44, 0.85, 0.31, 0.22, -0.11, 0.14
-6.94, 4.25, 5.72, 0.22, -0.83, 0.18, 0.34, 0.43, -0.09, 3.97, 4.58, -4.38, 0.23, -0.32, 0.85, 0.51, -0.21, -0.21, -6.21, 5.52, 7.67, -0.28, 0.89, -0.31, -0.03, 0.22, 0.22, 8.97, 4.10, 3.42, 0.18, -0.94, -0.21, 0.00, 0.66, -0.11, 1.04, 9.13, 3.11, 0.42, -0.82, 0.30, 0.55, 0.40, 0.21, 8.32, -4.64, -5.79, 0.42, 0.81, 0.29, 0.22, -0.12, 0.13
3.08, 6.47, 4.07, 0.23, -0.90, 0.13, 0.34, 0.42, -0.09, 5.90, 6.67, -3.38, 0.27, -0.51, 0.79, 0.52, -0.21, -0.22, -9.13, 11.92, 8.87, -0.30, 0.85, -0.28, -0.03, 0.23, 0.22, 0.03, 4.57, 1.00, 0.21, -0.97, -0.28, 0.00, 0.67, -0.11, -4.07, 4.39, 1.08, 0.44, -0.86, 0.21, 0.56, 0.39, 0.22, -1.56, -5.21, -0.14, 0.41, 0.75, 0.32, 0.22, -0.11, 0.13
-9.19, 2.77, 4.86, 0.21, -0.86, 0.11, 0.34, 0.42, -0.09, -5.17, 4.43, 1.09, 0.22, -0.35, 0.82, 0.51, -0.22, -0.22, -7.43, 5.32, -0.28, -0.33, 0.88, -0.32, -0.03, 0.23, 0.22, 0.37, -1.27, -2.48, 0.17, -0.90, -0.24, 0.00, 0.67, -0.12, -6.05, 3.36, 2.98, 0.41, -0.79, 0.24, 0.56, 0.39, 0.21, 1.26, -1.98, -3.46, 0.42, 0.81, 0.33, 0.22, -0.11, 0.14
-0.92, 1.00, 4.88, 0.19, -0.85, 0.12, 0.34, 0.43, -0.09, 19.06, 9.38, -2.42, 0.24, -0.40, 0.83, 0.51, -0.22, -0.21, -3.85, -1.61, 11.50, -0.41, 0.82, -0.26, -0.04, 0.23, 0.22, 6.83, 1.46, 4.70, 0.20, -0.97, -0.29, -0.00, 0.67, -0.12, -1.87, 7.90, 4.48, 0.46, -0.83, 0.24, 0.56, 0.39, 0.22, 3.01, -0.72, -5.28, 0.39, 0.76, 0.34, 0.22, -0.12, 0.13
-3.13, -1.49, 4.47, 0.25, -0.91, 0.06, 0.35, 0.41, -0.09, 12.28, 6.31, 0.37, 0.31, -0.46, 0.81, 0.52, -0.22, -0.21, -10.45, 2.86, -2.39, -0.29, 0.88, -0.30, -0.03, 0.23, 0.22, -2.09, -4.24, 2.15, 0.21, -0.94, -0.28, 0.00, 0.67, -0.11, -7.07, -0.13, 0.52, 0.45, -0.81, 0.25, 0.56, 0.39, 0.22, -3.42, 2.49, 1.47, 0.44, 0.83, 0.33, 0.22, -0.12, 0.14
-6.40, -4.34, 2.67, 0.23, -0.89, 0.11, 0.35, 0.42, -0.09, 5.12, 4.52, 2.23, 0.25, -0.43, 0.84, 0.51, -0.22, -0.21, -3.54, 1.51, 1.72, -0.30, 0.90, -0.32, -0.03, 0.22, 0.22, 3.40, -3.05, 4.49, 0.18, -0.97, -0.24, 0.00, 0.67, -0.11, -3.14, 3.44, 3.43, 0.43, -0.84, 0.25, 0.56, 0.39, 0.21, 0.51, -1.05, -3.30, 0.45, 0.81, 0.33, 0.22, -0.12, 0.13
-3.57, 2.11, 3.72, 0.22, -0.90, 0.13, 0.34, 0.42, -0.09, -6.65, 10.43, 3.01, 0.24, -0.32, 0.80, 0.51, -0.22, -0.21, -10.24, -8.43, 15.80, -0.34, 0.89, -0.33, -0.03, 0.22, 0.22, 2.89, 5.23, 3.72, 0.21, -0.96, -0.23, 0.00, 0.67, -0.11, -5.43, 7.58, 2.39, 0.47, -0.81, 0.33, 0.56, 0.40, 0.21, -1.37, -4.90, -2.90, 0.37, 0.86, 0.31, 0.22, -0.11, 0.13
-2.99, -1.80, 1.46, 0.26, -0.90, 0.15, 0.34, 0.42, -0.09, 22.20, 1.17, 0.67, 0.25, -0.49, 0.84, 0.52, -0.22, -0.21, -9.84, 2.68, 2.74, -0.34, 0.88, -0.35, -0.04, 0.23, 0.23, 1.90, -8.87, -2.53, 0.18, -0.98, -0.28, 0.00, 0.66, -0.11, -2.09, -3.86, -0.55, 0.42, -0.87, 0.24, 0.55, 0.40, 0.22, -0.34, 6.30, 3.98, 0.45, 0.81, 0.33, 0.22, -0.11, 0.13
-7.48, -4.09, -0.49, 0.18, -0.89, 0.11, 0.35, 0.42, -0.09, 6.58, -0.79, -3.16, 0.25, -0.36, 0.86, 0.52, -0.22, -0.21, -9.30, -6.08, 7.63, -0.30, 0.90, -0.36, -0.04, 0.22, 0.23, 1.82, 1.26, 0.46, 0.18, -0.95, -0.22, 0.00, 0.67, -0.12, -4.02, 6.10, 0.52, 0.43, -0.82, 0.26, 0.56, 0.39, 0.21, 1.26, -1.25, -2.12, 0.42, 0.82, 0.32, 0.22, -0.11, 0.13
-2.56, 1.91, 4.96, 0.22, -0.87, 0.13, 0.35, 0.42, -0.10, 9.59, 7.93, -3.22, 0.25, -0.39, 0.84, 0.51, -0.22, -0.20, -1.47, -10.82, 23.67, -0.38, 0.85, -0.32, -0.04, 0.22, 0.23, 5.79, 0.52, 6.20, 0.23, -1.00, -0.26, 0.00, 0.67, -0.12, -1.47, 4.22, 6.53, 0.46, -0.82, 0.25, 0.56, 0.39, 0.21, 3.15, -2.59, -5.23, 0.38, 0.78, 0.32, 0.22, -0.11, 0.13
-3.20, -4.25, 6.15, 0.22, -0.91, 0.07, 0.34, 0.42, -0.10, 8.74, 5.20, 2.30, 0.29, -0.45, 0.79, 0.52, -0.22, -0.21, -12.11, -5.66, 10.03, -0.27, 0.81, -0.31, -0.04, 0.22, 0.23, -3.60, -1.31, 1.41, 0.18, -0.92, -0.26, 0.00, 0.66, -0.12, -10.69, 2.85, -1.29, 0.43, -0.80, 0.24, 0.56, 0.39, 0.22, -6.27, -2.24, 2.02, 0.45, 0.82, 0.31, 0.22, -0.12, 0.14
-8.71, 2.30, 0.61, 0.23, -0.85, 0.13, 0.35, 0.41, -0.09, 10.92, 1.50, -6.48, 0.25, -0.36, 0.83, 0.52, -0.22, -0.20, -13.17, -18.61, 31.03, -0.31, 0.89, -0.36, -0.04, 0.22, 0.23, 4.45, 1.49, 2.57, 0.23, -0.92, -0.22, 0.00, 0.66, -0.12, -1.71, 5.52, 2.01, 0.44, -0.77, 0.29, 0.56, 0.39, 0.21, 3.19, -2.08, -3.11, 0.42, 0.81, 0.30, 0.23, -0.12, 0.13
1.12, -0.54, 4.02, 0.25, -0.86, 0.14, 0.35, 0.41, -0.09, 16.00, 6.42, 0.24, 0.28, -0.46, 0.80, 0.52, -0.21, -0.20, -10.20, -8.64, 26.75, -0.36, 0.81, -0.33, -0.04, 0.22, 0.24, 5.43, -4.11, 3.57, 0.20, -0.96, -0.29, 0.00, 0.66, -0.12, -2.92, 1.44, 1.56, 0.43, -0.84, 0.24, 0.56, 0.39, 0.21, -1.85, 0.65, 0.11, 0.43, 0.78, 0.33, 0.23, -0.11, 0.14
-6.62, -2.09, 1.57, 0.21, -0.90, 0.11, 0.35, 0.42, -0.09, 8.31, 1.61, -1.07, 0.24, -0.42, 0.83, 0.52, -0.22, -0.20, -12.88, -18.92, 24.87, -0.41, 0.85, -0.39, -0.05, 0.22, 0.23, -0.15, -1.67, 0.88, 0.19, -0.97, -0.26, -0.00, 0.66, -0.12, -6.26, 1.86, 1.58, 0.43, -0.79, 0.28, 0.56, 0.39, 0.22, -1.65, 1.80, -0.55, 0.43, 0.85, 0.33, 0.22, -0.11, 0.13
-2.16, -2.53, 3.94, 0.21, -0.90, 0.14, 0.35, 0.42, -0.09, 14.48, 4.86, -2.03, 0.26, -0.37, 0.84, 0.51, -0.21, -0.21, -6.56, -11.99, 29.68, -0.37, 0.86, -0.41, -0.05, 0.22, 0.23, 7.03, -2.18, 1.48, 0.15, -0.97, -0.27, 0.00, 0.67, -0.12, -2.04, 5.85, 3.93, 0.43, -0.87, 0.24, 0.55, 0.40, 0.21, 0.59, -3.11, -4.76, 0.43, 0.78, 0.32, 0.23, -0.11, 0.13
-4.73, 4.33, 4.25, 0.23, -0.91, 0.09, 0.35, 0.42, -0.09, 10.83, 6.19, -6.11, 0.25, -0.47, 0.81, 0.52, -0.21, -0.21, -6.44, -10.94, 16.00, -0.32, 0.84, -0.42, -0.05, 0.21, 0.23, 0.13, 0.44, 3.33, 0.20, -0.95, -0.28, 0.00, 0.66, -0.12, -8.48, 3.03, 2.77, 0.42, -0.83, 0.27, 0.56, 0.40, 0.21, -4.84, -2.05, -0.14, 0.40, 0.82, 0.32, 0.23, -0.11, 0.13
-7.36, -0.70, 4.27, 0.24, -0.86, 0.11, 0.35, 0.41, -0.09, 13.51, 6.22, -0.40, 0.24, -0.41, 0.84, 0.52, -0.21, -0.21, -0.84, -11.55, 17.11, -0.40, 0.82, -0.39, -0.05, 0.21, 0.23, 2.95, -2.74, 5.57, 0.20, -0.93, -0.23, 0.01, 0.66, -0.11, -2.24, 3.40, 5.31, 0.44, -0.80, 0.26, 0.56, 0.38, 0.21, 2.39, 0.42, -5.79, 0.45, 0.84, 0.31, 0.23, -0.11, 0.13
