3.70, 2.99, 11.25, -0.14, 0.87, 0.55, 0.10, 0.31, -0.20, 10.89, 1.70, 6.07, 0.32, -0.39, 0.93, 0.14, 0.12, -0.36, 2.26, 6.14, 7.60, 0.62, -0.72, 0.78, 0.58, 0.19, 0.05, 9.43, 6.67, -1.79, 0.45, 0.86, 0.06, 0.30, -0.07, 0.29
-12.63, -2.92, -0.96, 0.26, -0.71, 1.09, 0.53, 0.13, -0.30, 5.01, 1.44, -3.39, -0.18, -0.62, 0.71, 0.46, -0.15, -0.27, -3.42, -1.65, 3.07, -0.97, -0.28, 0.29, -0.43, 0.33, -0.12, -7.55, -2.43, 2.75, 0.19, -0.71, 0.69, 0.20, 0.31, -0.37, -2.36, 2.30, 4.08, 0.53, -0.66, 0.87, 0.83, 0.11, 0.28, -1.83, -6.88, 0.24, 0.16, -0.22, 0.88, 0.41, 0.07, -0.21
-5.88, -10.48, 8.66, 0.22, -0.74, 1.14, 0.53, 0.13, -0.30, 9.61, 2.94, 0.16, -0.23, -0.60, 0.68, 0.45, -0.15, -0.28, -5.86, 4.87, 1.79, -0.91, -0.28, 0.24, -0.43, 0.33, -0.12, 4.85, -2.28, 2.09, 0.11, -0.70, 0.65, 0.20, 0.31, -0.36, -0.20, 1.52, 0.41, 0.51, -0.69, 0.89, 0.82, 0.12, 0.27, 3.39, 0.07, 1.63, 0.18, -0.25, 0.88, 0.41, 0.07, -0.20
-2.38, 0.49, -3.59, 0.19, -0.75, 1.12, 0.52, 0.14, -0.30, 17.47, 1.59, -2.36, -0.26, -0.62, 0.68, 0.45, -0.15, -0.27, -3.04, 0.66, 6.82, -0.94, -0.27, 0.23, -0.43, 0.33, -0.12, 10.08, 0.24, -2.56, 0.11, -0.77, 0.75, 0.20, 0.31, -0.36, 0.60, 1.33, -4.77, 0.51, -0.69, 0.93, 0.82, 0.12, 0.27, 4.49, -1.78, -1.95, 0.16, -0.25, 0.90, 0.40, 0.07, -0.21
-6.41, -0.59, -0.68, 0.23, -0.78, 1.22, 0.52, 0.14, -0.30, 12.80, 4.02, -4.78, -0.23, -0.67, 0.76, 0.46, -0.14, -0.27, -3.29, 0.32, -0.59, -0.96, -0.28, 0.24, -0.44, 0.34, -0.12, 0.03, -2.26, 3.73, 0.18, -0.77, 0.74, 0.20, 0.31, -0.36, -4.87, 1.90, 7.39, 0.54, -0.70, 0.94, 0.82, 0.13, 0.26, -7.07, -4.07, 2.82, 0.16, -0.25, 0.89, 0.41, 0.07, -0.21
-7.32, -8.82, 11.83, 0.20, -0.74, 1.10, 0.52, 0.14, -0.30, 0.05, 1.73, -0.65, -0.25, -0.60, 0.66, 0.46, -0.15, -0.27, -6.34, 0.58, -4.93, -0.93, -0.28, 0.23, -0.44, 0.34, -0.12, -0.30, -5.31, 2.39, 0.05, -0.68, 0.61, 0.20, 0.30, -0.37, -3.45, 0.75, 2.88, 0.43, -0.72, 0.84, 0.82, 0.12, 0.27, -0.28, 2.92, -0.67, 0.17, -0.25, 0.87, 0.41, 0.06, -0.21
-5.88, 0.72, -3.28, 0.12, -0.72, 1.07, 0.52, 0.14, -0.30, 16.14, 3.10, -7.16, -0.21, -0.58, 0.62, 0.45, -0.15, -0.26, 0.24, 2.89, 6.53, -0.92, -0.30, 0.24, -0.43, 0.33, -0.12, 12.37, 2.09, -6.27, 0.15, -0.75, 0.70, 0.20, 0.31, -0.37, -4.72, 5.20, -10.05, 0.52, -0.65, 0.84, 0.82, 0.12, 0.27, 5.21, -6.63, -4.92, 0.17, -0.23, 0.89, 0.40, 0.07, -0.22
-3.67, 4.55, -3.79, 0.30, -0.74, 1.15, 0.51, 0.15, -0.30, 14.39, 3.17, -0.49, -0.23, -0.68, 0.79, 0.45, -0.14, -0.27, -3.01, 2.13, 3.06, -0.99, -0.26, 0.28, -0.44, 0.33, -0.12, -0.42, 0.22, 5.50, 0.17, -0.75, 0.74, 0.21, 0.31, -0.37, -1.35, 4.61, 7.25, 0.55, -0.70, 0.90, 0.82, 0.12, 0.27, -4.44, 0.79, 2.52, 0.17, -0.25, 0.87, 0.40, 0.07, -0.21
-5.56, -5.85, 12.08, 0.21, -0.74, 1.09, 0.52, 0.14, -0.30, 2.36, 3.80, 1.46, -0.22, -0.60, 0.64, 0.45, -0.14, -0.28, -7.20, 5.31, -3.09, -0.90, -0.28, 0.23, -0.44, 0.34, -0.12, 1.61, -6.17, 4.80, 0.08, -0.69, 0.64, 0.20, 0.31, -0.37, -2.49, -2.53, 5.26, 0.45, -0.71, 0.84, 0.82, 0.12, 0.27, 2.62, 4.61, 2.47, 0.19, -0.24, 0.87, 0.40, 0.06, -0.21
-5.73, -2.32, -0.40, 0.11, -0.73, 1.08, 0.52, 0.14, -0.29, 14.42, 2.93, -4.37, -0.26, -0.59, 0.65, 0.45, -0.15, -0.28, -0.02, 1.08, 5.21, -0.93, -0.28, 0.23, -0.44, 0.34, -0.11, 1.30, 4.12, -2.99, 0.13, -0.76, 0.74, 0.20, 0.31, -0.37, -2.69, 8.69, -9.44, 0.50, -0.67, 0.87, 0.82, 0.12, 0.27, 4.22, -4.22, -4.98, 0.17, -0.25, 0.90, 0.41, 0.07, -0.22
-2.00, 2.15, -0.37, 0.30, -0.75, 1.14, 0.52, 0.14, -0.30, 12.24, 5.32, -1.76, -0.22, -0.68, 0.77, 0.45, -0.14, -0.27, -2.60, 0.95, 1.85, -0.98, -0.28, 0.26, -0.44, 0.34, -0.11, -2.00, -1.60, 4.90, 0.14, -0.74, 0.70, 0.20, 0.31, -0.37, -0.34, 5.36, 5.12, 0.53, -0.74, 0.91, 0.82, 0.13, 0.27, -2.15, -0.93, 0.58, 0.16, -0.27, 0.90, 0.41, 0.07, -0.22
-7.22, -3.52, 7.12, 0.18, -0.76, 1.12, 0.51, 0.14, -0.30, 6.70, 3.82, -2.58, -0.27, -0.60, 0.65, 0.46, -0.15, -0.27, -3.46, 4.32, -2.77, -0.90, -0.31, 0.23, -0.44, 0.34, -0.12, 2.22, -4.14, -0.38, 0.09, -0.69, 0.62, 0.20, 0.31, -0.37, -3.58, 1.64, -0.25, 0.47, -0.73, 0.86, 0.81, 0.13, 0.27, -0.26, 1.64, -0.55, 0.17, -0.23, 0.89, 0.41, 0.07, -0.21
-2.74, -0.07, -3.11, 0.18, -0.73, 1.06, 0.51, 0.14, -0.30, 17.41, 3.48, -4.40, -0.24, -0.63, 0.70, 0.45, -0.15, -0.27, -0.46, 2.62, 7.78, -0.94, -0.30, 0.26, -0.44, 0.33, -0.11, 14.27, 3.60, -4.48, 0.16, -0.73, 0.68, 0.20, 0.31, -0.36, -3.80, 5.25, -7.27, 0.52, -0.66, 0.81, 0.82, 0.12, 0.27, 6.50, -4.65, -3.27, 0.18, -0.25, 0.90, 0.40, 0.07, -0.21
-1.92, 2.56, -0.21, 0.29, -0.75, 1.13, 0.52, 0.14, -0.30, 8.76, 6.13, 2.25, -0.24, -0.69, 0.81, 0.45, -0.15, -0.28, -6.12, 4.68, 3.72, -0.97, -0.25, 0.24, -0.44, 0.34, -0.12, -6.85, -4.18, 6.83, 0.16, -0.78, 0.77, 0.20, 0.32, -0.36, 1.25, 6.03, 5.94, 0.53, -0.74, 0.88, 0.82, 0.12, 0.27, -2.25, 1.88, 1.60, 0.17, -0.27, 0.90, 0.41, 0.07, -0.21
-5.24, -4.82, 9.88, 0.18, -0.77, 1.12, 0.51, 0.15, -0.29, 1.14, 6.09, -2.45, -0.26, -0.59, 0.64, 0.45, -0.15, -0.27, -3.02, 0.95, -4.99, -0.91, -0.30, 0.24, -0.44, 0.33, -0.12, 1.23, -2.59, 0.04, 0.09, -0.70, 0.65, 0.20, 0.31, -0.37, -6.37, 1.64, 0.98, 0.45, -0.71, 0.81, 0.82, 0.13, 0.27, -1.81, 1.26, -0.06, 0.19, -0.23, 0.89, 0.41, 0.07, -0.21
-3.59, 0.79, -3.95, 0.17, -0.72, 1.03, 0.52, 0.14, -0.30, 16.96, 2.59, -4.46, -0.22, -0.61, 0.67, 0.45, -0.15, -0.27, -0.54, 0.45, 7.48, -0.94, -0.30, 0.25, -0.44, 0.33, -0.12, 10.39, 1.41, -3.49, 0.14, -0.75, 0.71, 0.20, 0.31, -0.36, -1.07, 3.17, -6.69, 0.49, -0.68, 0.83, 0.82, 0.13, 0.27, 7.62, -5.70, -5.16, 0.18, -0.26, 0.91, 0.41, 0.07, -0.22
-0.97, 0.10, -1.58, 0.27, -0.79, 1.14, 0.52, 0.14, -0.30, 14.27, 3.27, -1.34, -0.23, -0.68, 0.79, 0.45, -0.15, -0.27, -3.28, 2.05, 5.26, -0.97, -0.26, 0.24, -0.44, 0.34, -0.11, -0.16, -3.05, 2.44, 0.13, -0.78, 0.76, 0.20, 0.31, -0.36, -0.35, 4.82, 0.96, 0.55, -0.75, 0.89, 0.82, 0.13, 0.27, -2.83, -2.90, -0.64, 0.17, -0.28, 0.89, 0.40, 0.08, -0.22
-6.53, 0.49, 1.92, 0.19, -0.77, 1.11, 0.51, 0.15, -0.30, 6.52, 4.93, -4.49, -0.24, -0.63, 0.70, 0.45, -0.14, -0.27, -2.87, 2.96, -2.52, -0.93, -0.29, 0.24, -0.44, 0.34, -0.11, 1.14, -1.64, -0.44, 0.12, -0.70, 0.64, 0.20, 0.31, -0.37, -6.19, 3.71, 0.79, 0.49, -0.69, 0.81, 0.82, 0.13, 0.27, -2.11, 2.89, -0.07, 0.18, -0.22, 0.87, 0.40, 0.07, -0.21
-3.09, 1.71, -0.53, 0.23, -0.72, 1.05, 0.51, 0.15, -0.29, 12.55, 3.57, -2.33, -0.20, -0.62, 0.66, 0.45, -0.15, -0.27, -3.49, 2.03, 5.05, -0.93, -0.31, 0.24, -0.44, 0.33, -0.11, 6.05, -0.57, -0.07, 0.12, -0.75, 0.70, 0.20, 0.31, -0.37, -0.58, 3.31, -4.28, 0.49, -0.72, 0.86, 0.81, 0.13, 0.27, 7.46, -3.68, -2.08, 0.17, -0.28, 0.90, 0.40, 0.07, -0.21
0.28, -2.16, -0.34, 0.23, -0.76, 1.08, 0.51, 0.15, -0.29, 14.48, 3.61, -1.58, -0.27, -0.63, 0.72, 0.45, -0.14, -0.27, -3.13, 2.63, 3.98, -0.93, -0.26, 0.23, -0.44, 0.34, -0.11, 5.24, -2.38, -1.76, 0.11, -0.74, 0.72, 0.20, 0.31, -0.37, -2.31, 4.71, -3.79, 0.49, -0.70, 0.84, 0.81, 0.14, 0.27, -1.04, -5.41, -4.16, 0.17, -0.23, 0.87, 0.40, 0.07, -0.21
-6.26, 0.99, -3.12, 0.24, -0.73, 1.05, 0.51, 0.15, -0.29, 14.80, 2.69, -4.17, -0.21, -0.65, 0.70, 0.45, -0.14, -0.27, -1.79, 1.05, 4.89, -0.93, -0.31, 0.23, -0.44, 0.34, -0.11, 3.58, -1.76, -0.17, 0.16, -0.81, 0.76, 0.20, 0.31, -0.36, 0.02, 2.51, -2.32, 0.52, -0.71, 0.80, 0.82, 0.13, 0.27, 6.95, -0.70, 0.69, 0.15, -0.29, 0.92, 0.40, 0.07, -0.22
-0.93, 0.13, 4.25, 0.23, -0.80, 1.10, 0.51, 0.15, -0.30, -2.73, 6.47, -0.46, -0.27, -0.68, 0.74, 0.45, -0.14, -0.27, -5.15, 6.91, -1.00, -0.97, -0.32, 0.28, -0.43, 0.34, -0.12, -1.70, 0.77, 5.75, 0.12, -0.76, 0.69, 0.20, 0.31, -0.36, 3.36, 4.78, 3.81, 0.49, -0.76, 0.82, 0.82, 0.13, 0.27, -0.58, 7.04, 1.51, 0.20, -0.27, 0.89, 0.40, 0.08, -0.21
1.72, -2.93, 3.85, 0.23, -0.75, 1.02, 0.51, 0.15, -0.30, 6.10, 2.86, -3.66, -0.22, -0.59, 0.64, 0.45, -0.14, -0.28, -2.63, 2.24, 0.50, -0.89, -0.31, 0.23, -0.43, 0.34, -0.12, 3.67, -1.37, -0.79, 0.16, -0.71, 0.65, 0.20, 0.31, -0.36, -2.15, 1.39, -2.88, 0.47, -0.71, 0.80, 0.82, 0.13, 0.27, 1.22, -7.27, -1.64, 0.18, -0.24, 0.88, 0.40, 0.08, -0.21
4.74, -3.70, -0.83, 0.24, -0.72, 1.08, 0.52, 0.15, -0.30, 4.61, -4.22, 0.69, -0.20, -0.62, 0.71, 0.45, -0.15, -0.27, -3.96, -1.87, 3.99, -0.93, -0.27, 0.23, -0.43, 0.34, -0.12, -14.39, -15.39, 1.68, 0.15, -0.75, 0.74, 0.20, 0.31, -0.36, 3.95, 8.56, -7.64, 0.42, -0.67, 0.76, 0.82, 0.13, 0.27, 6.24, -4.52, -3.54, 0.15, -0.24, 0.86, 0.40, 0.08, -0.21
3.64, -9.84, 1.84, 0.14, -0.74, 1.03, 0.51, 0.15, -0.30, -8.58, -6.06, 2.89, -0.25, -0.61, 0.69, 0.45, -0.15, -0.27, -3.43, 4.34, 6.24, -0.92, -0.32, 0.26, -0.44, 0.34, -0.12, -7.53, -2.25, 4.67, 0.13, -0.70, 0.65, 0.20, 0.31, -0.36, 11.30, 17.35, -14.01, 0.50, -0.73, 0.79, 0.82, 0.14, 0.27, 9.20, -1.52, 1.93, 0.18, -0.28, 0.87, 0.40, 0.08, -0.21
9.44, 2.57, -0.55, 0.28, -0.81, 1.07, 0.51, 0.16, -0.29, 6.53, -0.91, 5.72, -0.23, -0.60, 0.67, 0.44, -0.15, -0.27, -7.16, 4.12, 10.30, -0.95, -0.31, 0.25, -0.44, 0.34, -0.11, 9.88, -3.36, 4.56, 0.12, -0.76, 0.72, 0.19, 0.31, -0.36, 13.21, 8.24, -6.98, 0.45, -0.80, 0.81, 0.82, 0.15, 0.27, 13.44, 0.41, 1.43, 0.18, -0.31, 0.91, 0.40, 0.08, -0.22
2.85, -0.53, 0.57, 0.20, -0.81, 1.03, 0.51, 0.16, -0.29, 3.55, -0.21, 4.19, -0.30, -0.67, 0.80, 0.45, -0.15, -0.27, -4.52, 1.07, 4.90, -0.99, -0.30, 0.24, -0.44, 0.34, -0.12, 5.53, -4.87, 3.50, 0.11, -0.77, 0.72, 0.19, 0.31, -0.37, 7.42, 4.93, -3.73, 0.56, -0.79, 0.80, 0.82, 0.15, 0.27, -1.94, -1.39, 1.20, 0.17, -0.31, 0.91, 0.41, 0.08, -0.21
-9.25, -7.20, 4.18, 0.21, -0.86, 1.09, 0.51, 0.16, -0.29, 8.37, 1.26, -2.49, -0.23, -0.62, 0.69, 0.45, -0.15, -0.27, -2.36, 0.93, 3.39, -0.96, -0.35, 0.25, -0.44, 0.34, -0.12, 10.55, -5.69, -0.10, 0.12, -0.72, 0.67, 0.19, 0.31, -0.36, -2.44, -0.87, -1.52, 0.48, -0.78, 0.77, 0.82, 0.15, 0.28, 3.96, -5.76, 0.33, 0.16, -0.26, 0.93, 0.40, 0.08, -0.22
-3.36, -1.35, -1.70, 0.19, -0.76, 1.01, 0.51, 0.16, -0.29, 19.57, 1.26, 4.32, -0.25, -0.60, 0.68, 0.44, -0.15, -0.28, -5.23, 3.17, 13.57, -1.00, -0.33, 0.24, -0.44, 0.34, -0.12, 27.15, -9.17, -0.37, 0.08, -0.73, 0.63, 0.19, 0.32, -0.37, 6.32, 0.71, -8.22, 0.42, -0.79, 0.77, 0.82, 0.15, 0.28, 21.14, -3.72, -3.04, 0.18, -0.29, 0.94, 0.40, 0.08, -0.21
14.27, -4.35, -5.03, 0.21, -0.80, 1.01, 0.51, 0.16, -0.29, 35.01, 4.40, 6.30, -0.29, -0.73, 0.86, 0.44, -0.15, -0.28, -4.98, 4.63, 15.79, -0.97, -0.30, 0.21, -0.44, 0.35, -0.11, 14.90, 3.39, -2.43, 0.16, -0.97, 0.96, 0.19, 0.32, -0.36, 11.88, 4.69, -13.85, 0.67, -0.86, 0.86, 0.82, 0.15, 0.27, 14.97, -1.57, 0.54, 0.21, -0.40, 1.05, 0.40, 0.08, -0.23
39.82, -0.01, 7.15, 0.50, -0.97, 1.20, 0.51, 0.16, -0.29, 3.94, -3.18, -5.11, -0.32, -0.90, 1.16, 0.44, -0.15, -0.27, -10.36, -13.14, -27.99, -1.17, -0.23, 0.29, -0.44, 0.35, -0.11, -16.82, 7.52, 13.76, 0.33, -1.03, 0.99, 0.19, 0.32, -0.36, 5.82, 6.24, 33.23, 0.83, -0.93, 0.88, 0.82, 0.16, 0.28, -50.42, 14.17, 28.44, 0.18, -0.43, 1.03, 0.40, 0.08, -0.23
46.45, -35.96, 51.97, 0.50, -1.12, 1.19, 0.50, 0.17, -0.29, -13.34, -11.95, -14.87, -0.28, -0.82, 0.93, 0.44, -0.15, -0.27, -23.48, -24.74, -105.28, -1.16, -0.26, 0.31, -0.44, 0.33, -0.11, -1.08, -18.21, 27.95, 0.20, -1.10, 0.97, 0.19, 0.31, -0.36, -6.36, -0.31, 65.21, 0.56, -0.84, 0.64, 0.82, 0.14, 0.28, -83.57, 41.06, 41.82, 0.27, -0.35, 0.96, 0.41, 0.06, -0.20
38.80, -42.92, 67.31, 0.35, -1.03, 1.01, 0.50, 0.18, -0.29, -40.08, 4.92, -36.52, -0.27, -0.86, 0.90, 0.44, -0.16, -0.27, -62.58, -18.65, -132.60, -1.27, -0.18, 0.32, -0.42, 0.30, -0.10, -23.63, -1.50, 42.41, 0.27, -0.94, 0.73, 0.19, 0.30, -0.37, 244.77, -23.32, 65.29, 0.81, -0.45, 0.14, 0.82, 0.13, 0.27, -124.80, 41.74, 65.79, 0.21, -0.23, 0.98, 0.41, 0.03, -0.19
195.65, -72.96, 91.36, 0.35, -0.99, 0.60, 0.50, 0.18, -0.30, -50.04, 9.97, -21.01, -0.25, -0.77, 0.79, 0.44, -0.18, -0.27, -63.84, -21.84, -184.43, -1.21, -0.05, 0.31, -0.40, 0.25, -0.08, -1.29, -22.22, 53.72, 0.06, -0.74, 0.53, 0.20, 0.29, -0.37, 244.96, -88.63, 40.00, 0.41, -1.13, 0.49, 0.81, 0.16, 0.27, -114.15, 64.08, 54.24, 0.28, -0.10, 0.87, 0.41, 0.00, -0.16
148.99, 15.31, 56.32, 0.20, -1.03, 0.74, 0.50, 0.21, -0.29, -18.99, 26.20, -14.36, -0.25, -0.49, 0.51, 0.44, -0.18, -0.27, -48.47, 3.64, -182.49, -1.01, 0.01, 0.15, -0.35, 0.21, -0.07, -19.63, 8.49, 50.23, 0.34, -0.74, 0.59, 0.19, 0.29, -0.37, 203.56, -102.97, 47.56, 0.82, -0.78, 0.39, 0.80, 0.18, 0.27, -111.88, 51.92, 51.83, 0.31, 0.08, 0.86, 0.41, -0.03, -0.13
156.83, -28.56, 51.26, 0.32, -0.74, 0.49, 0.51, 0.22, -0.28, 6.91, 21.10, 13.30, -0.22, -0.63, 0.78, 0.45, -0.19, -0.27, -5.06, -17.62, -157.96, -1.03, 0.16, 0.23, -0.33, 0.19, -0.06, -13.83, 40.67, 64.73, 0.18, -0.93, 0.85, 0.20, 0.27, -0.36, 160.47, -143.50, 32.91, 0.41, -0.83, 0.34, 0.79, 0.19, 0.24, -101.08, 54.93, 47.09, 0.30, 0.13, 0.78, 0.41, -0.05, -0.09
118.55, 6.39, 49.23, 0.34, -0.83, 0.57, 0.50, 0.24, -0.26, -67.65, 23.22, -3.81, -0.28, -0.52, 0.69, 0.46, -0.20, -0.26, -11.87, 79.03, -155.52, -0.88, 0.27, 0.12, -0.30, 0.16, -0.05, -3.53, 4.04, 55.75, 0.23, -0.50, 0.54, 0.20, 0.26, -0.36, 116.46, -121.45, 30.84, 0.63, -0.75, 0.26, 0.77, 0.20, 0.22, -86.44, 56.74, 45.70, 0.33, 0.22, 0.81, 0.41, -0.08, -0.07
82.60, -22.68, 43.20, 0.30, -1.00, 0.50, 0.51, 0.26, -0.25, -27.14, 36.53, 1.94, -0.30, -0.49, 0.58, 0.47, -0.22, -0.26, 9.51, -21.10, -138.35, -0.88, 0.44, 0.08, -0.25, 0.14, -0.05, -2.73, 70.50, 63.73, 0.45, -0.89, 0.68, 0.20, 0.25, -0.36, 92.04, -112.58, 30.98, 0.89, -0.87, 0.18, 0.76, 0.21, 0.21, -101.05, 62.42, 53.83, 0.35, 0.06, 0.81, 0.40, -0.09, -0.04
76.86, -56.05, 31.28, 0.30, -1.21, 0.31, 0.52, 0.26, -0.24, -25.02, 35.46, 3.20, -0.34, -0.85, 0.98, 0.47, -0.23, -0.26, 38.97, -36.86, -169.08, -0.98, 0.39, 0.28, -0.21, 0.14, -0.07, 16.34, 12.21, 52.89, 0.18, -0.49, 0.52, 0.22, 0.24, -0.36, 37.23, -126.06, 19.81, 0.52, -0.64, 0.27, 0.74, 0.22, 0.18, -159.97, 56.35, 52.21, 0.35, 0.54, 0.67, 0.40, -0.11, 0.02
83.40, -44.55, 26.56, 0.19, -0.62, 0.34, 0.52, 0.27, -0.24, -34.95, 27.37, 0.19, -0.19, -0.28, 0.66, 0.48, -0.24, -0.25, -15.04, 44.94, -140.35, -0.64, 0.56, 0.11, -0.16, 0.13, -0.07, -10.21, -57.03, 39.93, 0.21, -0.77, 0.81, 0.21, 0.23, -0.35, 19.59, -95.99, 9.67, 0.69, -0.61, 0.36, 0.73, 0.22, 0.17, -82.29, 51.28, 33.03, 0.47, 0.50, 0.68, 0.39, -0.12, 0.05
58.83, -3.31, 58.77, 0.56, -0.79, 0.32, 0.52, 0.27, -0.24, -30.65, 47.54, -8.08, -0.18, -0.34, 0.71, 0.49, -0.25, -0.25, 10.59, 9.25, -128.05, -0.77, 0.76, -0.01, -0.12, 0.12, -0.06, -37.11, 69.19, 63.59, 0.51, -0.77, 0.64, 0.21, 0.22, -0.35, 2.27, -76.56, 2.27, 0.67, -0.82, 0.30, 0.72, 0.22, 0.15, -100.60, 38.06, 30.12, 0.47, 0.47, 0.61, 0.37, -0.13, 0.08
32.12, -51.14, 17.44, 0.51, -0.89, 0.19, 0.51, 0.28, -0.23, -38.21, 29.32, -10.51, -0.03, -0.51, 0.83, 0.50, -0.27, -0.24, 29.81, -28.93, -143.96, -0.66, 0.72, 0.16, -0.10, 0.13, -0.07, -17.87, -11.97, 40.92, 0.45, -0.62, 0.65, 0.22, 0.20, -0.34, 0.62, -75.93, -18.18, 0.67, -0.56, 0.42, 0.70, 0.23, 0.14, -127.22, 24.57, 46.92, 0.44, 0.59, 0.52, 0.37, -0.13, 0.11
59.54, -54.44, 11.89, 0.47, -0.92, 0.29, 0.51, 0.28, -0.24, -40.07, 6.02, -17.16, -0.13, -0.30, 0.81, 0.51, -0.28, -0.24, 7.96, -8.72, -140.74, -0.60, 0.76, 0.23, -0.06, 0.14, -0.07, -67.13, -60.89, 37.52, 0.29, -0.49, 0.74, 0.20, 0.18, -0.35, -39.86, -80.57, -20.48, 0.61, -0.55, 0.46, 0.68, 0.23, 0.13, -102.37, 22.98, 31.24, 0.44, 0.71, 0.44, 0.35, -0.14, 0.15
-0.46, -69.63, 13.56, 0.44, -0.67, 0.26, 0.50, 0.29, -0.25, -93.34, -3.81, -23.10, -0.17, -0.59, 0.88, 0.51, -0.31, -0.23, 11.65, -14.16, -137.06, -0.35, 1.00, -0.06, -0.02, 0.14, -0.08, -90.99, -2.09, 65.03, 0.30, -0.39, 0.52, 0.20, 0.15, -0.34, -15.51, -77.36, -34.20, 0.69, -0.68, 0.48, 0.66, 0.23, 0.11, -103.17, 25.90, 42.01, 0.42, 0.64, 0.45, 0.35, -0.13, 0.17
8.63, -67.16, 45.13, 0.48, -0.74, 0.29, 0.49, 0.28, -0.25, 35.08, -22.56, -16.09, -0.44, -0.49, 0.87, 0.51, -0.32, -0.22, 127.02, -93.32, -96.52, -0.46, 0.72, 0.41, 0.01, 0.17, -0.10, -34.77, -40.27, 61.57, 0.46, -0.51, 0.78, 0.19, 0.13, -0.34, -52.52, -90.95, -26.20, 0.66, -0.70, 0.63, 0.63, 0.23, 0.10, -107.40, 11.13, 35.31, 0.38, 0.81, 0.20, 0.33, -0.12, 0.20
-82.17, -80.04, 17.12, 0.55, -0.78, 0.50, 0.49, 0.28, -0.26, -67.79, -8.61, -41.80, -0.30, -0.56, 0.97, 0.51, -0.32, -0.22, 47.55, 2.75, -123.34, -0.18, 0.89, 0.23, 0.03, 0.20, -0.13, -113.15, -33.41, 76.15, 0.43, 0.40, 0.60, 0.17, 0.10, -0.33, -76.67, -71.37, -28.58, 0.67, -0.55, 0.67, 0.61, 0.22, 0.07, -120.00, 25.05, 41.08, 0.35, 0.92, 0.24, 0.32, -0.11, 0.23
-78.42, -66.94, -0.12, 0.42, -0.67, 0.45, 0.48, 0.25, -0.29, 13.96, -35.04, -43.60, -0.36, 0.41, 0.77, 0.51, -0.34, -0.22, 102.33, -30.98, -92.88, -0.10, 0.97, 0.25, 0.05, 0.22, -0.15, 27.07, -31.63, 17.05, 0.17, -0.15, 0.91, 0.16, 0.08, -0.33, -39.95, -52.33, -29.54, 0.43, -0.65, 0.81, 0.59, 0.21, 0.06, -84.97, -4.25, 19.93, 0.24, 0.90, 0.16, 0.31, -0.11, 0.25
-83.61, -31.54, 25.58, 0.49, -0.68, 0.65, 0.47, 0.24, -0.31, -0.81, 6.41, -38.12, -0.40, 0.01, 0.91, 0.51, -0.33, -0.22, 48.54, 4.35, -81.28, -0.33, 0.78, 0.45, 0.07, 0.25, -0.17, -7.66, -49.06, 44.23, 0.39, 0.04, 0.91, 0.15, 0.08, -0.33, -37.69, -59.39, 1.07, 0.45, -0.62, 0.83, 0.58, 0.20, 0.05, -46.03, 23.42, 6.43, 0.32, 1.02, -0.02, 0.30, -0.09, 0.27
-53.23, -57.09, 26.33, 0.51, -0.69, 0.73, 0.46, 0.22, -0.33, -40.48, -5.81, -10.43, -0.04, 0.14, 0.84, 0.51, -0.34, -0.22, 10.29, 31.69, -70.45, 0.02, 0.86, 0.33, 0.08, 0.26, -0.17, -23.72, -24.12, 21.94, 0.28, 0.26, 0.73, 0.14, 0.08, -0.33, -27.22, -26.73, -14.52, 0.39, -0.59, 0.85, 0.56, 0.20, 0.05, -48.40, 12.14, 20.78, 0.39, 0.98, 0.03, 0.30, -0.09, 0.28
-22.90, -42.92, 5.40, 0.42, -0.63, 0.88, 0.45, 0.21, -0.34, 39.34, -19.55, -29.29, -0.11, 0.01, 1.03, 0.51, -0.33, -0.22, 4.31, -8.31, -49.83, 0.07, 0.88, 0.39, 0.10, 0.27, -0.17, 47.53, -28.90, -25.20, 0.22, -0.07, 0.97, 0.14, 0.08, -0.33, -13.27, 0.90, -4.19, 0.47, -0.57, 0.92, 0.56, 0.20, 0.05, -6.88, -2.27, 0.07, 0.22, 0.80, 0.05, 0.29, -0.09, 0.28
-3.04, -52.06, 21.86, 0.55, -0.71, 0.65, 0.44, 0.21, -0.33, -16.76, -9.14, -15.67, -0.26, -0.22, 0.84, 0.51, -0.33, -0.22, 14.37, 13.53, -26.30, -0.09, 0.81, 0.44, 0.11, 0.28, -0.17, 9.82, -27.30, -10.64, 0.45, -0.58, 0.86, 0.13, 0.09, -0.34, -28.38, -14.18, 5.84, 0.54, -0.71, 0.77, 0.55, 0.20, 0.04, -25.72, 18.46, 8.39, 0.41, 0.79, 0.05, 0.29, -0.09, 0.28
-16.54, -24.52, 1.10, 0.50, -0.64, 0.69, 0.44, 0.20, -0.34, -22.95, 5.46, -16.67, -0.27, 0.02, 0.90, 0.51, -0.34, -0.22, 9.92, 13.26, -36.59, 0.10, 0.80, 0.50, 0.11, 0.30, -0.17, 7.86, 10.32, -36.34, 0.54, -0.02, 0.90, 0.13, 0.09, -0.35, -12.15, -1.75, -9.51, 0.47, -0.54, 0.97, 0.56, 0.19, 0.04, -14.86, 0.78, 4.10, 0.28, 0.97, 0.09, 0.29, -0.08, 0.29
7.55, -20.67, 1.30, 0.57, -0.69, 0.73, 0.43, 0.20, -0.35, -3.12, 14.71, -6.39, -0.15, -0.08, 0.93, 0.51, -0.35, -0.21, 4.76, 17.68, -19.04, 0.06, 0.94, 0.41, 0.12, 0.31, -0.17, 8.49, -66.18, -43.60, 0.20, -0.56, 0.94, 0.14, 0.09, -0.35, -21.49, -0.37, 2.33, 0.50, -0.61, 0.85, 0.56, 0.18, 0.04, -31.31, 7.00, -1.00, 0.32, 0.78, 0.02, 0.28, -0.08, 0.30
-14.60, -15.36, 11.09, 0.58, -0.69, 0.72, 0.43, 0.21, -0.34, -16.13, 8.51, -13.23, -0.12, 0.02, 0.91, 0.52, -0.35, -0.21, 11.29, 21.05, -27.66, 0.06, 0.82, 0.49, 0.12, 0.31, -0.17, -7.02, -7.89, -14.10, 0.37, -0.07, 0.94, 0.12, 0.10, -0.36, -16.63, 0.18, -0.53, 0.48, -0.56, 0.97, 0.55, 0.18, 0.04, -11.79, 8.94, 5.56, 0.44, 1.04, -0.04, 0.28, -0.07, 0.30
2.67, -2.60, 1.76, 0.49, -0.61, 0.86, 0.42, 0.21, -0.35, 3.76, -19.64, -18.13, -0.27, -0.00, 0.94, 0.51, -0.35, -0.21, 9.40, 8.34, 0.69, 0.07, 0.88, 0.48, 0.12, 0.31, -0.17, 10.67, 7.20, -6.70, 0.35, -0.42, 0.84, 0.13, 0.10, -0.35, 11.35, -3.13, 6.46, 0.55, -0.64, 0.84, 0.55, 0.18, 0.04, 19.72, -1.04, -3.39, 0.33, 0.73, -0.04, 0.28, -0.08, 0.30
0.06, -11.87, 17.66, 0.59, -0.76, 0.68, 0.43, 0.21, -0.35, -7.57, -15.07, -18.05, -0.20, -0.11, 0.91, 0.52, -0.35, -0.20, 9.36, 10.58, -9.51, 0.02, 0.83, 0.49, 0.13, 0.32, -0.17, -9.79, -4.71, -2.62, 0.34, -0.29, 0.87, 0.13, 0.10, -0.35, -3.22, -6.63, -0.47, 0.53, -0.65, 0.89, 0.54, 0.18, 0.04, -11.17, 11.25, 7.78, 0.39, 0.94, 0.01, 0.28, -0.08, 0.29
-7.82, -14.12, 6.89, 0.55, -0.65, 0.78, 0.43, 0.21, -0.35, -4.78, -15.82, -18.64, -0.24, 0.15, 0.97, 0.51, -0.36, -0.20, 2.11, 5.43, -6.77, 0.20, 0.85, 0.52, 0.13, 0.33, -0.18, 6.00, -0.44, -2.12, 0.21, -0.14, 1.01, 0.13, 0.10, -0.36, 1.69, -6.98, -9.33, 0.46, -0.61, 0.93, 0.54, 0.18, 0.04, 11.24, -3.45, -3.75, 0.31, 0.94, -0.05, 0.28, -0.07, 0.30
7.65, 7.48, 12.88, 0.61, -0.75, 0.69, 0.42, 0.21, -0.35, 9.30, -0.68, -3.36, -0.26, -0.14, 0.87, 0.51, -0.36, -0.20, 0.74, 1.71, 2.31, 0.04, 0.87, 0.47, 0.13, 0.32, -0.17, -1.05, -18.50, 3.44, 0.33, -0.33, 0.90, 0.13, 0.10, -0.35, -7.70, -3.23, 2.67, 0.51, -0.66, 0.90, 0.54, 0.19, 0.04, -15.63, 3.35, 0.05, 0.37, 0.95, -0.01, 0.28, -0.08, 0.31
-9.26, 0.73, 2.12, 0.57, -0.71, 0.70, 0.42, 0.21, -0.35, 1.91, -5.13, -10.90, -0.31, 0.04, 0.92, 0.51, -0.36, -0.20, -4.67, -5.06, -5.11, 0.10, 0.87, 0.48, 0.13, 0.33, -0.17, -3.36, -0.66, -4.48, 0.32, -0.21, 0.97, 0.12, 0.10, -0.35, -12.12, 8.13, -2.10, 0.48, -0.62, 0.95, 0.54, 0.19, 0.03, -0.75, -9.83, -1.72, 0.35, 0.97, -0.03, 0.28, -0.07, 0.31
-4.61, 2.44, 6.00, 0.55, -0.70, 0.71, 0.43, 0.20, -0.35, 12.99, -0.65, -7.42, -0.30, 0.04, 0.91, 0.51, -0.36, -0.21, -5.25, -11.24, 4.84, 0.05, 0.88, 0.49, 0.13, 0.33, -0.17, 3.24, -0.39, -2.43, 0.32, -0.31, 0.92, 0.13, 0.10, -0.35, -5.05, 11.64, 1.50, 0.51, -0.65, 0.90, 0.53, 0.19, 0.04, -0.93, -7.93, -5.01, 0.34, 0.90, 0.01, 0.28, -0.07, 0.31
-7.11, 7.47, 4.22, 0.61, -0.71, 0.68, 0.42, 0.21, -0.35, 10.94, 3.32, -4.72, -0.32, -0.04, 0.91, 0.51, -0.36, -0.20, -1.02, -2.42, 2.28, 0.05, 0.87, 0.51, 0.13, 0.32, -0.18, 2.32, 9.94, 0.26, 0.36, -0.24, 0.93, 0.13, 0.10, -0.35, -11.70, 16.83, 2.74, 0.54, -0.62, 0.90, 0.55, 0.18, 0.04, -2.50, -2.63, -3.76, 0.36, 0.91, 0.01, 0.28, -0.07, 0.30
-3.54, 5.83, 0.43, 0.62, -0.70, 0.70, 0.42, 0.21, -0.34, 16.85, 6.50, -0.45, -0.27, -0.03, 0.94, 0.51, -0.36, -0.20, 0.56, 0.33, 4.62, 0.08, 0.88, 0.52, 0.13, 0.32, -0.18, 7.18, -1.11, -4.18, 0.36, -0.27, 0.93, 0.13, 0.10, -0.34, -7.27, 9.70, 2.06, 0.57, -0.60, 0.92, 0.55, 0.18, 0.04, 3.90, -2.32, -2.20, 0.35, 0.91, 0.00, 0.28, -0.07, 0.30
-0.52, 1.55, -1.45, 0.61, -0.72, 0.62, 0.42, 0.21, -0.35, 10.97, 6.21, 4.16, -0.28, -0.10, 0.90, 0.51, -0.36, -0.21, -9.26, -2.44, 1.47, 0.01, 0.89, 0.50, 0.13, 0.33, -0.19, 0.86, -14.59, -2.71, 0.30, -0.28, 0.93, 0.13, 0.10, -0.35, -10.88, 4.59, -0.87, 0.51, -0.63, 0.91, 0.55, 0.18, 0.04, -6.88, -5.03, -0.44, 0.39, 0.99, 0.00, 0.28, -0.07, 0.31
-3.97, 0.92, -0.24, 0.55, -0.73, 0.73, 0.43, 0.21, -0.34, 15.25, 1.97, -1.02, -0.32, 0.04, 0.94, 0.51, -0.36, -0.21, -5.26, -6.49, 8.55, 0.07, 0.89, 0.50, 0.13, 0.32, -0.18, 10.39, 1.64, 0.63, 0.26, -0.30, 0.94, 0.13, 0.10, -0.35, -5.24, 12.75, 6.23, 0.50, -0.65, 0.87, 0.55, 0.18, 0.04, 8.77, -3.82, -5.67, 0.33, 0.88, -0.01, 0.28, -0.07, 0.30
1.74, 8.24, 4.90, 0.58, -0.72, 0.69, 0.42, 0.22, -0.34, 19.47, 4.42, 1.73, -0.30, -0.08, 0.90, 0.51, -0.35, -0.21, 0.26, -3.38, 12.79, 0.00, 0.85, 0.50, 0.12, 0.32, -0.18, 8.37, 6.00, 4.44, 0.38, -0.33, 0.88, 0.13, 0.10, -0.35, -0.04, 2.00, 3.80, 0.56, -0.63, 0.88, 0.55, 0.18, 0.04, 5.05, 3.22, -0.29, 0.36, 0.91, 0.01, 0.28, -0.08, 0.30
0.38, 4.60, 0.16, 0.61, -0.75, 0.66, 0.43, 0.21, -0.34, 14.66, 10.05, 8.82, -0.31, -0.02, 0.93, 0.51, -0.35, -0.21, -6.12, 1.65, 8.21, 0.03, 0.88, 0.50, 0.12, 0.32, -0.18, 7.57, 4.02, -1.56, 0.35, -0.35, 0.93, 0.12, 0.10, -0.35, 0.71, 4.76, -2.49, 0.54, -0.68, 0.86, 0.55, 0.18, 0.03, 2.83, -1.77, 0.66, 0.39, 0.90, 0.04, 0.28, -0.07, 0.30
0.58, 1.88, -0.35, 0.59, -0.73, 0.66, 0.43, 0.22, -0.34, 16.68, 9.17, 4.61, -0.31, -0.04, 0.95, 0.51, -0.35, -0.20, -4.99, -3.48, 7.15, 0.02, 0.94, 0.48, 0.12, 0.32, -0.18, 5.47, 1.81, -0.93, 0.30, -0.35, 0.93, 0.13, 0.10, -0.35, -3.33, 10.61, 5.38, 0.56, -0.67, 0.86, 0.55, 0.19, 0.03, 1.75, -4.46, -6.42, 0.36, 0.91, 0.05, 0.28, -0.07, 0.30
-0.63, 3.67, 9.16, 0.60, -0.76, 0.63, 0.43, 0.22, -0.33, 15.22, 4.64, -2.83, -0.31, -0.05, 0.93, 0.51, -0.34, -0.21, 0.84, -7.07, 8.92, 0.01, 0.88, 0.51, 0.12, 0.31, -0.19, 6.33, 11.84, 6.74, 0.35, -0.27, 0.93, 0.13, 0.10, -0.35, -3.07, 10.99, 9.23, 0.56, -0.63, 0.89, 0.56, 0.18, 0.04, 6.89, -1.66, -6.25, 0.34, 0.94, 0.06, 0.28, -0.07, 0.30
2.77, 5.63, 4.78, 0.66, -0.74, 0.62, 0.43, 0.23, -0.34, 12.76, 1.50, 4.25, -0.28, -0.16, 0.90, 0.51, -0.34, -0.21, -5.34, 3.26, 9.97, -0.03, 0.86, 0.52, 0.12, 0.31, -0.19, 6.33, -3.62, 4.28, 0.37, -0.33, 0.88, 0.14, 0.10, -0.36, -2.98, 4.40, -0.79, 0.58, -0.65, 0.84, 0.56, 0.18, 0.04, -3.41, 2.67, 4.17, 0.39, 0.91, 0.05, 0.29, -0.08, 0.30
-0.90, 6.10, -10.19, 0.56, -0.76, 0.62, 0.43, 0.22, -0.34, 13.14, 6.21, 2.24, -0.33, -0.03, 0.93, 0.51, -0.34, -0.21, -4.72, 2.20, 3.98, 0.03, 0.92, 0.47, 0.12, 0.32, -0.19, 7.48, -4.67, 0.19, 0.29, -0.27, 0.95, 0.13, 0.10, -0.36, -2.47, 7.28, 3.08, 0.50, -0.58, 0.89, 0.56, 0.18, 0.04, 7.39, -3.35, -4.89, 0.35, 0.95, -0.00, 0.29, -0.07, 0.30
2.93, 3.36, 7.06, 0.58, -0.73, 0.64, 0.43, 0.23, -0.33, 18.48, 2.13, 5.60, -0.28, -0.13, 0.90, 0.51, -0.35, -0.21, -3.42, -3.30, 13.50, -0.08, 0.88, 0.50, 0.11, 0.31, -0.19, 9.39, 4.11, 4.15, 0.38, -0.42, 0.85, 0.13, 0.10, -0.36, 0.24, 2.81, 4.68, 0.59, -0.69, 0.80, 0.56, 0.18, 0.04, 3.96, 0.02, -1.38, 0.37, 0.87, 0.04, 0.29, -0.07, 0.29
-3.31, -1.91, 1.26, 0.61, -0.76, 0.61, 0.43, 0.23, -0.33, 7.68, -0.73, -2.50, -0.29, -0.11, 0.92, 0.50, -0.34, -0.21, -8.18, 0.22, 1.61, -0.02, 0.88, 0.51, 0.11, 0.31, -0.18, -1.44, -2.79, -1.48, 0.35, -0.35, 0.90, 0.14, 0.11, -0.35, -6.25, 3.33, -5.71, 0.55, -0.66, 0.85, 0.56, 0.18, 0.04, -3.35, 0.29, 4.44, 0.39, 0.94, 0.05, 0.28, -0.07, 0.29
-5.78, 1.59, -3.89, 0.57, -0.75, 0.62, 0.44, 0.23, -0.33, 13.61, 10.80, 1.94, -0.40, -0.01, 0.95, 0.50, -0.34, -0.21, -2.03, 2.23, 2.62, 0.01, 0.93, 0.50, 0.11, 0.31, -0.18, 8.44, 1.51, 0.18, 0.35, -0.26, 0.94, 0.13, 0.11, -0.35, -0.66, 6.29, 5.56, 0.53, -0.63, 0.88, 0.56, 0.18, 0.04, 11.18, -2.45, -6.83, 0.36, 0.93, 0.03, 0.28, -0.08, 0.29
4.33, 4.98, 6.32, 0.61, -0.76, 0.60, 0.44, 0.23, -0.33, 18.47, 6.09, 4.79, -0.26, -0.17, 0.91, 0.51, -0.34, -0.22, -1.39, 2.03, 11.48, -0.06, 0.87, 0.50, 0.11, 0.31, -0.19, 2.38, 4.22, -0.34, 0.41, -0.45, 0.86, 0.14, 0.11, -0.35, -6.02, 4.45, 0.03, 0.62, -0.70, 0.82, 0.55, 0.19, 0.04, -5.58, -0.05, 3.58, 0.40, 0.90, 0.08, 0.29, -0.08, 0.29
-9.27, 6.43, -7.60, 0.60, -0.74, 0.60, 0.44, 0.23, -0.33, 6.85, -3.93, -8.76, -0.29, -0.04, 0.95, 0.51, -0.34, -0.21, -7.63, 1.50, 0.84, -0.03, 0.91, 0.50, 0.11, 0.31, -0.18, 4.59, -7.36, -3.07, 0.30, -0.27, 0.95, 0.13, 0.10, -0.36, -3.47, 7.17, -2.60, 0.50, -0.65, 0.85, 0.55, 0.18, 0.03, 8.96, -2.83, 1.67, 0.37, 0.91, 0.06, 0.28, -0.08, 0.29
-1.37, 6.98, -4.30, 0.61, -0.75, 0.59, 0.43, 0.24, -0.33, 16.48, 6.21, 0.80, -0.36, -0.15, 0.90, 0.50, -0.34, -0.21, -2.71, 3.54, 4.76, -0.07, 0.90, 0.49, 0.11, 0.31, -0.19, 7.42, 1.01, 2.03, 0.36, -0.41, 0.88, 0.13, 0.11, -0.36, -1.52, 1.09, 0.48, 0.57, -0.68, 0.80, 0.56, 0.18, 0.04, 2.32, -1.11, -0.14, 0.35, 0.91, 0.06, 0.29, -0.08, 0.29
-3.39, -5.29, 0.00, 0.61, -0.79, 0.54, 0.43, 0.24, -0.33, 6.44, 6.65, 0.22, -0.24, -0.11, 0.91, 0.51, -0.34, -0.21, -7.66, 5.10, -3.28, 0.00, 0.90, 0.48, 0.11, 0.31, -0.18, -4.04, -8.33, -1.85, 0.32, -0.30, 0.93, 0.13, 0.11, -0.36, -7.97, 0.58, -4.55, 0.51, -0.63, 0.85, 0.56, 0.18, 0.04, -7.03, -1.91, 4.79, 0.40, 0.98, 0.04, 0.29, -0.08, 0.29
-6.95, 4.58, -7.10, 0.57, -0.74, 0.66, 0.44, 0.24, -0.33, 12.28, -2.47, -6.24, -0.28, -0.04, 0.94, 0.50, -0.34, -0.21, -9.51, -4.04, 4.85, 0.01, 0.88, 0.51, 0.10, 0.31, -0.19, 5.32, -10.21, -6.15, 0.31, -0.35, 0.88, 0.13, 0.11, -0.36, -4.43, 6.42, -3.57, 0.56, -0.62, 0.84, 0.57, 0.18, 0.04, 5.35, -6.66, 1.05, 0.33, 0.84, 0.03, 0.29, -0.08, 0.30
-7.80, 3.30, -2.99, 0.59, -0.73, 0.61, 0.43, 0.24, -0.32, 9.32, 5.08, -1.26, -0.34, -0.09, 0.90, 0.50, -0.34, -0.21, -3.33, 3.45, 0.85, -0.01, 0.92, 0.47, 0.11, 0.31, -0.18, -0.72, 4.87, 1.73, 0.25, -0.32, 0.92, 0.13, 0.11, -0.36, -12.90, 5.38, 1.23, 0.51, -0.60, 0.88, 0.56, 0.18, 0.03, -6.77, -3.72, -5.61, 0.32, 0.93, 0.03, 0.29, -0.07, 0.30
-8.91, 1.83, 7.63, 0.56, -0.75, 0.63, 0.43, 0.23, -0.33, 13.51, 10.96, -0.19, -0.30, 0.02, 0.95, 0.50, -0.34, -0.21, 6.76, 3.24, 5.86, 0.08, 0.89, 0.51, 0.11, 0.31, -0.18, 5.52, 8.08, 2.28, 0.29, -0.20, 0.96, 0.13, 0.11, -0.35, -6.21, 13.46, 9.72, 0.49, -0.59, 0.93, 0.56, 0.18, 0.03, -0.57, -0.16, -11.29, 0.40, 0.97, -0.01, 0.28, -0.08, 0.29
0.99, 13.92, 14.10, 0.56, -0.72, 0.68, 0.43, 0.23, -0.32, 29.71, 9.84, 1.17, -0.25, -0.13, 0.92, 0.51, -0.33, -0.21, 7.98, -9.21, 21.18, -0.12, 0.81, 0.55, 0.11, 0.31, -0.19, 14.28, 13.09, 3.71, 0.46, -0.41, 0.80, 0.14, 0.11, -0.35, 2.89, 6.22, 13.48, 0.65, -0.63, 0.83, 0.57, 0.18, 0.03, 13.41, 3.60, -7.39, 0.41, 0.79, 0.03, 0.29, -0.07, 0.28
1.01, -3.18, 5.84, 0.65, -0.74, 0.54, 0.44, 0.23, -0.32, 11.75, 8.80, 5.06, -0.19, -0.15, 0.93, 0.51, -0.33, -0.22, -3.14, 2.57, 2.42, -0.04, 0.86, 0.54, 0.10, 0.31, -0.19, 1.59, 4.66, 1.04, 0.40, -0.34, 0.91, 0.14, 0.12, -0.35, -4.64, 5.26, -2.18, 0.58, -0.65, 0.87, 0.56, 0.18, 0.03, -3.40, -3.48, 1.82, 0.42, 0.98, 0.09, 0.29, -0.08, 0.30
-2.68, -0.16, -1.56, 0.60, -0.74, 0.65, 0.43, 0.24, -0.32, 13.93, 3.48, 0.70, -0.26, -0.07, 0.98, 0.50, -0.33, -0.21, -5.18, 0.86, 8.29, -0.03, 0.91, 0.53, 0.10, 0.31, -0.19, 12.00, -4.08, 3.60, 0.30, -0.34, 0.93, 0.14, 0.11, -0.35, 4.02, 6.18, 6.42, 0.59, -0.66, 0.82, 0.57, 0.18, 0.03, 9.67, 2.30, -4.13, 0.36, 0.89, 0.06, 0.29, -0.08, 0.29
3.80, 0.61, 7.45, 0.64, -0.77, 0.53, 0.44, 0.23, -0.32, 14.53, 3.05, 6.76, -0.29, -0.23, 0.90, 0.51, -0.33, -0.21, -2.49, 7.10, 9.33, -0.11, 0.89, 0.48, 0.10, 0.30, -0.19, 4.58, 1.40, 5.91, 0.40, -0.46, 0.85, 0.14, 0.12, -0.35, -2.53, -0.17, 2.27, 0.63, -0.70, 0.76, 0.57, 0.18, 0.03, -2.37, 3.88, 3.24, 0.41, 0.90, 0.11, 0.29, -0.08, 0.29
-7.05, -3.87, -3.60, 0.60, -0.79, 0.52, 0.44, 0.23, -0.32, 5.33, -1.03, -4.73, -0.29, -0.13, 0.94, 0.51, -0.33, -0.22, -11.09, 0.76, -3.40, -0.06, 0.90, 0.50, 0.10, 0.31, -0.18, 0.97, -7.25, -3.65, 0.32, -0.36, 0.93, 0.14, 0.12, -0.35, -3.54, 5.94, -7.34, 0.55, -0.67, 0.82, 0.57, 0.18, 0.04, 0.06, -4.02, 5.73, 0.36, 0.96, 0.12, 0.29, -0.08, 0.29
-1.67, -0.18, -4.46, 0.56, -0.80, 0.57, 0.43, 0.24, -0.33, 11.25, 1.46, -1.17, -0.35, -0.11, 0.94, 0.50, -0.34, -0.22, -6.82, -0.25, 3.93, -0.06, 0.93, 0.47, 0.10, 0.31, -0.18, 6.11, -4.79, 3.96, 0.31, -0.38, 0.91, 0.14, 0.11, -0.36, -2.10, 4.42, 3.69, 0.54, -0.66, 0.81, 0.57, 0.18, 0.04, 5.80, -5.26, -3.57, 0.34, 0.90, 0.06, 0.29, -0.09, 0.26
-3.44, 1.14, 1.90, 0.59, -0.77, 0.53, 0.44, 0.24, -0.32, 10.55, 3.16, -0.23, -0.26, -0.16, 0.92, 0.50, -0.33, -0.22, -6.24, 0.96, 3.63, -0.06, 0.88, 0.46, 0.10, 0.31, -0.18, -0.17, 5.81, 0.70, 0.37, -0.38, 0.88, 0.14, 0.12, -0.35, -8.24, 6.74, -2.41, 0.57, -0.66, 0.83, 0.57, 0.18, 0.03, -5.76, -2.95, 2.56, 0.38, 0.92, 0.05, 0.29, -0.08, 0.29
-10.02, 5.23, -5.26, 0.58, -0.72, 0.63, 0.44, 0.24, -0.32, 11.01, -1.09, -6.93, -0.28, -0.05, 0.93, 0.50, -0.33, -0.22, -7.81, -0.50, 2.33, -0.04, 0.88, 0.51, 0.10, 0.30, -0.18, 6.81, -11.22, -7.05, 0.33, -0.32, 0.91, 0.14, 0.11, -0.35, -0.04, 7.91, -2.74, 0.56, -0.64, 0.86, 0.57, 0.18, 0.04, 7.97, -2.06, 2.46, 0.36, 0.89, 0.04, 0.28, -0.08, 0.30
-0.45, 3.18, -4.37, 0.58, -0.78, 0.58, 0.44, 0.24, -0.32, 13.05, -3.69, -4.19, -0.31, -0.15, 0.93, 0.50, -0.33, -0.22, -7.48, 0.73, 3.66, -0.05, 0.90, 0.50, 0.10, 0.30, -0.18, 1.88, 1.61, -1.25, 0.32, -0.39, 0.89, 0.13, 0.12, -0.36, -4.94, 5.70, 0.26, 0.57, -0.64, 0.85, 0.57, 0.19, 0.04, 0.46, -6.08, -1.57, 0.37, 0.90, 0.05, 0.29, -0.09, 0.29
-6.24, -0.83, 3.38, 0.59, -0.76, 0.60, 0.44, 0.25, -0.32, 8.90, 0.26, -5.90, -0.21, -0.07, 0.93, 0.51, -0.33, -0.21, -6.19, -1.44, 0.53, -0.02, 0.85, 0.52, 0.10, 0.30, -0.19, 2.71, -0.99, -2.44, 0.38, -0.29, 0.91, 0.14, 0.11, -0.36, -3.02, 8.32, -3.10, 0.58, -0.62, 0.84, 0.57, 0.19, 0.04, 0.10, -2.76, 3.26, 0.39, 0.93, 0.07, 0.29, -0.08, 0.29
-1.73, 4.84, -1.85, 0.62, -0.73, 0.57, 0.44, 0.24, -0.32, 13.78, -3.27, -3.11, -0.28, -0.16, 0.91, 0.50, -0.33, -0.22, -6.94, 1.64, 7.15, -0.11, 0.88, 0.51, 0.10, 0.30, -0.18, 6.70, -12.84, -3.27, 0.35, -0.40, 0.86, 0.13, 0.12, -0.36, 1.59, 0.36, -1.41, 0.60, -0.65, 0.77, 0.57, 0.18, 0.04, 4.70, 1.20, 2.23, 0.40, 0.83, 0.07, 0.29, -0.08, 0.29
-4.48, -3.45, 2.30, 0.61, -0.77, 0.50, 0.44, 0.25, -0.32, 6.47, 2.64, -1.78, -0.31, -0.16, 0.92, 0.50, -0.34, -0.22, -3.72, 6.24, -1.02, -0.07, 0.89, 0.51, 0.10, 0.30, -0.19, -1.56, 0.90, 2.91, 0.34, -0.35, 0.90, 0.13, 0.11, -0.36, -5.35, -0.52, 1.11, 0.56, -0.64, 0.82, 0.57, 0.18, 0.05, -0.13, -0.37, -1.20, 0.39, 0.96, 0.07, 0.29, -0.09, 0.29
